Column1,Column2
attribute,value
วันเปิดตัว,มิถุนายน 2565
วันวางจำหน่าย,ยังไม่วางจำหน่าย
ขนาด,165.40 x 76.90 x 8.40 มม.
น้ำหนัก,192 กรัม
วัสดุ,"Glass front, plastic back, plastic frame"
SIM,"รองรับ 2 ซิมการ์ด (nano sim, nano sim)"
Technology,"HSPA 42.2/5.76 Mbps, LTE-A"
2G,850/900/1800/1900
3G,850/900/1900/2100
4G,850/900/1900/2100
5G,-
ความเร็ว,"HSPA 42.2/5.76 Mbps, LTE-A"
ประเภท,PLS LCD
ขนาดหน้าจอ,6.60 นิ้ว
ความละเอียด,1080 x 2408 pixels
ระบบปฏิบัติการ,Android 12
ชิปประมวลผล,Samsung Exynos 850 S5E3830 2 GHz
ชิปกราฟิก,Mali-G52 MP1
หน่วยความจำ,4 GB
ความจุ,64 GB
Memory Card,microSD (1)
กล้องหลัก,"ตัวที่ 1: 50 MP, f/1.8, (wide), PDAF
ตัวที่ 2: 5 MP, f/2.2, 123? (ultrawide)
ตัวที่ 3: 2 MP, f/2.4, (depth)"
ความละเอียดวีดีโอ,1080p@30fps
กล้องหน้า,"ตัวที่ 1: 8 MP, f/2.2, (wide)"
Bluetooth,"5.0, A2DP, LE"
Wi-Fi,"802.11 a/b/g/n/ac, dual-b"
USB,Type-C
GPS,"A-GPS, GLONASS, GALILEO,"
NFC,รอบรับ
ความจุ,"5,000 mAh"
ประเภท,Non-removable Li-Po Batt
Fast Charging,รองรับ (15W)
วันเปิดตัว,มิถุนายน 2564
วันวางจำหน่าย,ยังไม่วางจำหน่าย
ขนาด,164.50 x 76.90 x 8.40 มม.
น้ำหนัก,195 กรัม
วัสดุ,"Glass front, plastic frame, plastic back"
SIM,"รองรับ 2 ซิมการ์ด (nano sim, nano sim)"
Technology,"HSPA 42.2/5.76 Mbps, LTE-A"
2G,850/900/1800/1900
3G,850/900/1900/2100
4G,850/900/1900/2100/2600
5G,-
ความเร็ว,"HSPA 42.2/5.76 Mbps, LTE-A"
ประเภท,TFT
ขนาดหน้าจอ,6.60 นิ้ว
ความละเอียด,1080 x 2408 pixels
ระบบปฏิบัติการ,Android 12
ชิปประมวลผล,Qualcomm Snapdragon 680 4G SM6225 2.4 GHz
ชิปกราฟิก,Adreno 610
หน่วยความจำ,8 GB
ความจุ,128 GB
Memory Card,microSD (1)
กล้องหลัก,"ตัวที่ 1: 50 MP, f/1.8, (wide), PDAF
ตัวที่ 2: 5 MP, f/2.2, (ultrawide), 1/5
ตัวที่ 3: 2 MP, f/2.4, (macro)
ตัวที่ 4: 2 MP, f/2.4, (depth)"
ความละเอียดวีดีโอ,1080p@30fps
กล้องหน้า,"ตัวที่ 1: 8 MP, f/2.2, (wide)"
Bluetooth,5.0
Wi-Fi,802.11 a/b/g/n/ac
USB,Type-C
GPS,"A-GPS, GLONASS, GALILEO,"
NFC,ไม่รองรับ
ความจุ,"5,000 mAh"
ประเภท,Non-removable Li-Po Batt
Fast Charging,รองรับ (25W)
วันเปิดตัว,กันยายน 2564
วันวางจำหน่าย,ยังไม่วางจำหน่าย
ขนาด,165.10 x 76.40 x 8.80 มม.
น้ำหนัก,195 กรัม
วัสดุ,"Glass front (Gorilla Glass 5), plastic frame, plastic back"
SIM,"รองรับ 2 ซิมการ์ด (nano sim, nano sim)"
Technology,"HSPA 42.2/5.76 Mbps, LTE-A"
2G,850/900/1800/1900
3G,850/900/1900/2100
4G,850/900/1900/2100/2600
5G,-
ความเร็ว,"HSPA 42.2/5.76 Mbps, LTE-A"
ประเภท,TFT
ขนาดหน้าจอ,6.60 นิ้ว
ความละเอียด,1080 x 2408 pixels
ระบบปฏิบัติการ,Android 12
ชิปประมวลผล,Samsung Exynos 850 S5E3830 2 GHz
ชิปกราฟิก,Mali-G52 MP1
หน่วยความจำ,4 GB
ความจุ,128 GB
Memory Card,microSD (1)
กล้องหลัก,"ตัวที่ 1: 50 MP, f/1.8, (wide), PDAF
ตัวที่ 2: 5 MP, f/2.2, (ultrawide), 1/5
ตัวที่ 3: 2 MP, f/2.4, (macro)
ตัวที่ 4: 2 MP, f/2.4, (depth)"
ความละเอียดวีดีโอ,1080p@30fps
กล้องหน้า,"ตัวที่ 1: 8 MP, f/2.2, (wide)"
Bluetooth,"5.0, A2DP, LE"
Wi-Fi,"802.11 b/g/n, Wi-Fi Direc"
USB,Type-C
GPS,"A-GPS, GLONASS, GALILEO,"
NFC,ไม่รองรับ
ความจุ,"5,000 mAh"
ประเภท,Non-removable Li-Po Batt
Fast Charging,รองรับ (25W)
วันเปิดตัว,สิงหาคม 2564
วันวางจำหน่าย,ยังไม่วางจำหน่าย
ขนาด,164.20 x 76.60 x 9.00 มม.
น้ำหนัก,205 กรัม
วัสดุ,"Glass front, plastic frame, plastic back"
SIM,"รองรับ 2 ซิมการ์ด (nano sim, nano sim)"
Technology,"HSPA 42.2/5.76 Mbps, LTE-A"
2G,850/900/1800/1900
3G,850/900/1900/2100
4G,850/900/1900/2100/2600
5G,2100/2600/3500/4700
ความเร็ว,"HSPA 42.2/5.76 Mbps, LTE-A"
ประเภท,LCD
ขนาดหน้าจอ,6.50 นิ้ว
ความละเอียด,720 x 1600 pixels
ระบบปฏิบัติการ,Android 11
ชิปประมวลผล,MediaTek Dimensity 720 MT6853 2 GHz
ชิปกราฟิก,Mali-G57 MC3
หน่วยความจำ,8 GB
ความจุ,128 GB
Memory Card,microSD (1)
กล้องหลัก,"ตัวที่ 1: 48 MP, 26mm (wide)
ตัวที่ 2: 8 MP, 123? (ultrawide)
ตัวที่ 3: 5 MP, (macro)
ตัวที่ 4: 2 MP, (depth)"
ความละเอียดวีดีโอ,1080p@30fps
กล้องหน้า,"ตัวที่ 1: 13 MP, (wide)"
Bluetooth,"5.0, A2DP, LE"
Wi-Fi,"802.11 a/b/g/n/ac, dual-b"
USB,Type-C
GPS,"with A-GPS, GLONASS, BDS,"
NFC,ไม่รองรับ
ความจุ,"5,000 mAh"
ประเภท,Non-removable Li-Po Batt
Fast Charging,รองรับ (15W)
วันเปิดตัว,สิงหาคม 2564
วันวางจำหน่าย,ยังไม่วางจำหน่าย
ขนาด,164.00 x 75.80 x 8.90 มม.
น้ำหนัก,205 กรัม
วัสดุ,"Glass front, plastic back, plastic frame"
SIM,"รองรับ 2 ซิมการ์ด (nano sim, nano sim)"
Technology,"HSPA 42.2/5.76 Mbps, LTE Cat4 150/50 Mbps"
2G,850/900/1800/1900
3G,850/900/1900/2100
4G,850/900/1900/2100/2600
5G,-
ความเร็ว,"HSPA 42.2/5.76 Mbps, LTE Cat4 150/50 Mbps"
ประเภท,IPS LCD
ขนาดหน้าจอ,6.50 นิ้ว
ความละเอียด,720 x 1600 pixels
ระบบปฏิบัติการ,Android 11
ชิปประมวลผล,Samsung Exynos 850 S5E3830 2 GHz
ชิปกราฟิก,Mali-G52 MP1
หน่วยความจำ,4 GB
ความจุ,128 GB
Memory Card,ไม่รองรับ
กล้องหลัก,"ตัวที่ 1: 48 MP, f/2.0, 26mm (wide), AF
ตัวที่ 2: 5 MP, f/2.2, 123? (ultrawide)
ตัวที่ 3: 2 MP, f/2.4, (macro)
ตัวที่ 4: 2 MP, f/2.4, (depth)"
ความละเอียดวีดีโอ,1080p@30fps
กล้องหน้า,"ตัวที่ 1: 8 MP, f/2.2"
Bluetooth,"5.0, A2DP, LE"
Wi-Fi,"802.11 b/g/n, Wi-Fi Direc"
USB,Type-C
GPS,"with A-GPS, GLONASS, GALI"
NFC,ไม่รองรับ
ความจุ,"5,000 mAh"
ประเภท,Non-removable Li-Po Batt
Fast Charging,รองรับ (15W)
วันเปิดตัว,เมษายน 2556
วันวางจำหน่าย,"มิถุนายน 2556, วางจำหน่ายแล้ว"
ขนาด,105.00 x 57.80 x 11.80 มม.
น้ำหนัก,101 กรัม
วัสดุ,Plastic
SIM,รองรับ 1 ซิมการ์ด
Technology,"GPRS,EDGE, HSPA"
2G,850/900/1800/1900
3G,900/2100
4G,-
5G,-
ความเร็ว,"GPRS,EDGE, HSPA"
ประเภท,TFT LCD
ขนาดหน้าจอ,3.00 นิ้ว
ความละเอียด,320 x 240 pixels
ฟีเจอร์เพิ่มเติม,"สามารถให้ PC ใช้อินเตอร์เน็ตของสมาร์ทโฟนได้ด้วย Internet Tethering
สามารถใช้งาน Mobile Hotspot โดยแชร์อินเตอร์เน็ตบนสมาร์ทโฟนให้กับเครื่องอื่นๆแบบไร้สายได้
สามารถใช้งานเป็น USB Mass Storage ได้เพื่อโอนหรือย้ายข้อมูลบน PC
ใช้อินเตอร์เฟซ TouchWiz UI มาพร้อมกับ Android 4.1"
ระบบปฏิบัติการ,Android 4.1
ชิปประมวลผล,Single Core 0 MHz
ชิปกราฟิก,-1
หน่วยความจำ,512 MB
ความจุ,4 GB
Memory Card,microSD (32)
กล้องหลัก,ตัวที่ 1: 2 MP
ความละเอียดวีดีโอ,-1
กล้องหน้า,
Bluetooth,4
Wi-Fi,802.11b/g/n
USB,micro USB
GPS,"AGPS , Glonass"
NFC,ไม่รองรับ
ความจุ,"1,200 mAh"
ประเภท,Li-ion
วันเปิดตัว,กุมภาพันธ์ 2556
วันวางจำหน่าย,"มิถุนายน 2556, สินค้าจำหน่ายหมดแล้ว"
ขนาด,109.40 x 58.60 x 12.50 มม.
น้ำหนัก,112 กรัม
วัสดุ,Plastic
SIM,รองรับ 1 ซิมการ์ด
Technology,"GPRS,EDGE, HSPA"
2G,850/900/1800/1900
3G,900/2100
4G,-
5G,-
ความเร็ว,"GPRS,EDGE, HSPA"
ประเภท,TFT LCD
ขนาดหน้าจอ,3.27 นิ้ว
ความละเอียด,480 x 320 pixels
ฟีเจอร์เพิ่มเติม,"สามารถให้ PC ใช้อินเตอร์เน็ตของสมาร์ทโฟนได้ด้วย Internet Tethering
สามารถใช้งาน Mobile Hotspot โดยแชร์อินเตอร์เน็ตบนสมาร์ทโฟนให้กับเครื่องอื่นๆแบบไร้สายได้
สามารถใช้งานเป็น USB Mass Storage ได้เพื่อโอนหรือย้ายข้อมูลบน PC
ใช้อินเตอร์เฟซ TouchWiz UI มาพร้อมกับ Android 4.1 
ใช้กระจกแบบ Gorilla Glass ป้องกันรอยขีดข่วน"
ระบบปฏิบัติการ,Android 4.1
ชิปประมวลผล,Single Core 0 MHz
ชิปกราฟิก,-1
หน่วยความจำ,768 MB
ความจุ,4 GB
Memory Card,microSD (64)
กล้องหลัก,ตัวที่ 1: 3 MP
ความละเอียดวีดีโอ,-1
กล้องหน้า,
Bluetooth,4
Wi-Fi,802.11b/g/n
USB,micro USB
GPS,AGPS
NFC,ไม่รองรับ
ความจุ,"1,300 mAh"
ประเภท,Li-ion
วันเปิดตัว,พฤษภาคม 2559
วันวางจำหน่าย,"พฤษภาคม 2559, สินค้าจำหน่ายหมดแล้ว"
ขนาด,121.60 x 63.10 x 10.80 มม.
น้ำหนัก,123 กรัม
วัสดุ,Plastic
SIM,"รองรับ 2 ซิมการ์ด (n/a, n/a)"
Technology,"EDGE, HSPA"
2G,850/900/1800/1900
3G,850/900/2100
4G,-
5G,-
ความเร็ว,"EDGE, HSPA"
ประเภท,TFT LCD
ขนาดหน้าจอ,4.00 นิ้ว
ความละเอียด,800 x 480 pixels
ฟีเจอร์เพิ่มเติม,"สามารถแชร์อินเตอร์เน็ตให้อุปกรณ์อื่นได้
ใช้เป็น Diskdrive ได้เพื่อโอนหรือย้ายข้อมูลบน PC ได้"
ระบบปฏิบัติการ,Android 5.1
ชิปประมวลผล,Spreadtrum SC8830 1.2 GHz
ชิปกราฟิก,VideoCore IV
หน่วยความจำ,750 MB
ความจุ,8 GB
Memory Card,microSD (128)
กล้องหลัก,ตัวที่ 1: 5 MP
ความละเอียดวีดีโอ,720p (30fps)
กล้องหน้า,ตัวที่ 1: MP
Bluetooth,4.0
Wi-Fi,802.11 b/g/n
USB,micro USB
GPS,"GPS, Glonass"
NFC,ไม่รองรับ
ความจุ,"1,500 mAh"
ประเภท,Li-ion
วันเปิดตัว,สิงหาคม 2563
วันวางจำหน่าย,"สิงหาคม 2563, วางจำหน่ายแล้ว"
ขนาด,141.70 x 67.50 x 8.60 มม.
น้ำหนัก,150 กรัม
วัสดุ,Plastic
SIM,"รองรับ 2 ซิมการ์ด (nano sim, nano sim)"
Technology,"EDGE, HSPA+, LTE"
2G,850/900/1800/1900
3G,850/900/1900/2100
4G,850/900/1900/2100
5G,-
ความเร็ว,"EDGE, HSPA+, LTE"
ประเภท,PLS LCD
ขนาดหน้าจอ,5.30 นิ้ว
ความละเอียด,1480 x 720 pixels
ระบบปฏิบัติการ,Android 10 Go
ชิปประมวลผล,MediaTek MT6739 1.5 GHz
ชิปกราฟิก,PowerVR GE8100
หน่วยความจำ,1 GB
ความจุ,16 GB
Memory Card,microSD (512)
กล้องหลัก,"ตัวที่ 1: 8 MP, f/2.2, AF"
ความละเอียดวีดีโอ,1080p@30fps
กล้องหน้า,"ตัวที่ 1: 5 MP, f/2.4"
Bluetooth,"5.0, A2DP, LE"
Wi-Fi,802.11 b/g/n
USB,micro USB
GPS,A-GPS
NFC,ไม่รองรับ
ความจุ,"3,000 mAh"
ประเภท,Non-removable Li-Ion
วันเปิดตัว,มิถุนายน 2558
วันวางจำหน่าย,"มิถุนายน 2558, วางจำหน่ายแล้ว"
ขนาด,121.40 x 62.90 x 10.70 มม.
น้ำหนัก,123 กรัม
วัสดุ,Plastic
SIM,"รองรับ 2 ซิมการ์ด (micro sim, micro sim)"
Technology,"EDGE, HSPA"
2G,850/900/1800/1900
3G,900/2100
4G,-
5G,-
ความเร็ว,"EDGE, HSPA"
ประเภท,TFT LCD
ขนาดหน้าจอ,4.00 นิ้ว
ความละเอียด,800 x 480 pixels
ฟีเจอร์เพิ่มเติม,"สามารถให้ PC ใช้อินเตอร์เน็ตของสมาร์ทโฟนได้ด้วย Internet Tethering
สามารถใช้งาน Mobile Hotspot โดยแชร์อินเตอร์เน็ตบนสมาร์ทโฟนให้กับเครื่องอื่นๆแบบไร้สายได้
สามารถใช้งานเป็น USB Mass Storage ได้เพื่อโอนหรือย้ายข้อมูลบน PC
ใช้อินเตอร์เฟซ TouchWiz UX มาพร้อมกับ Android 4.4
รองรับ 2 ซิม"
ระบบปฏิบัติการ,Android 4.4
ชิปประมวลผล,Dual Core 0 MHz
ชิปกราฟิก,VideoCore IV
หน่วยความจำ,512 MB
ความจุ,4 GB
Memory Card,microSD (64)
กล้องหลัก,ตัวที่ 1: 3 MP
ความละเอียดวีดีโอ,480
กล้องหน้า,ตัวที่ 1: MP
Bluetooth,4
Wi-Fi,802.11b/g/n
USB,micro USB
GPS,"Glonass, GPS"
NFC,ไม่รองรับ
ความจุ,"1,500 mAh"
ประเภท,Li-ion
วันเปิดตัว,กรกฏาคม 2557
วันวางจำหน่าย,"กรกฏาคม 2557, สินค้าจำหน่ายหมดแล้ว"
ขนาด,109.80 x 59.90 x 11.80 มม.
น้ำหนัก,108 กรัม
วัสดุ,Plastic
SIM,"รองรับ 2 ซิมการ์ด (micro sim, micro sim)"
Technology,"GPRS,EDGE, HSPA"
2G,850/900/1800/1900
3G,900/2100
4G,-
5G,-
ความเร็ว,"GPRS,EDGE, HSPA"
ประเภท,TFT LCD
ขนาดหน้าจอ,3.50 นิ้ว
ความละเอียด,480 x 320 pixels
ฟีเจอร์เพิ่มเติม,"สามารถแชร์อินเตอร์เน็ตให้อุปกรณ์อื่นได้
ใช้เป็น Diskdrive ได้เพื่อโอนหรือย้ายข้อมูลบน PC ได้"
ระบบปฏิบัติการ,Android 4.4
ชิปประมวลผล,Single Core 0 MHz
ชิปกราฟิก,Yes
หน่วยความจำ,512 MB
ความจุ,4 GB
Memory Card,microSD (32)
กล้องหลัก,ตัวที่ 1: 3 MP
ความละเอียดวีดีโอ,480i@24fps
กล้องหน้า,
Bluetooth,4
Wi-Fi,802.11b/g/n
USB,micro USB
GPS,"Glonass, GPS"
NFC,ไม่รองรับ
ความจุ,"1,300 mAh"
ประเภท,Li-ion
วันเปิดตัว,กุมภาพันธ์ 2564
วันวางจำหน่าย,"กุมภาพันธ์ 2564, วางจำหน่ายแล้ว"
ขนาด,164.00 x 75.90 x 9.10 มม.
น้ำหนัก,206 กรัม
วัสดุ,"Glass front, plastic back, plastic frame"
SIM,"รองรับ 2 ซิมการ์ด (nano sim, nano sim)"
Technology,"HSPA 42.2/5.76 Mbps, LTE Cat4 150/50 Mbps"
2G,850/900/1800/1900
3G,850/900/1900/2100
4G,850/900/1900/2100/2600
5G,-
ความเร็ว,"HSPA 42.2/5.76 Mbps, LTE Cat4 150/50 Mbps"
ประเภท,PLS IPS
ขนาดหน้าจอ,6.50 นิ้ว
ความละเอียด,720 x 1600 pixels
ระบบปฏิบัติการ,Android 10
ชิปประมวลผล,MediaTek MT6739 1.5 GHz
ชิปกราฟิก,PowerVR GE8100
หน่วยความจำ,2 GB
ความจุ,32 GB
Memory Card,microSD (1)
กล้องหลัก,"ตัวที่ 1: 13 MP, f/1.9, (wide), AF
ตัวที่ 2: 2 MP, f/2.4, (macro)"
ความละเอียดวีดีโอ,1080p@30fps
กล้องหน้า,"ตัวที่ 1: 5 MP, f/2.0"
Bluetooth,"5.0, A2DP, LE"
Wi-Fi,"802.11 b/g/n, Wi-Fi Direc"
USB,micro USB
GPS,"with A-GPS, GLONASS"
NFC,ไม่รองรับ
ความจุ,"5,000 mAh"
ประเภท,Non-removable Li-Po Batt
วันเปิดตัว,มีนาคม 2563
วันวางจำหน่าย,"มิถุนายน 2563, วางจำหน่ายแล้ว"
ขนาด,161.40 x 76.30 x 8.00 มม.
น้ำหนัก,177 กรัม
วัสดุ,Plastic
SIM,"รองรับ 2 ซิมการ์ด (nano sim, nano sim)"
Technology,"EDGE, HSPA+, LTE Cat.9"
2G,850/900/1800/1900
3G,850/900/1900/2100
4G,850/900/1900/2100
5G,-
ความเร็ว,"EDGE, HSPA+, LTE Cat.9"
ประเภท,TFT LCD
ขนาดหน้าจอ,6.40 นิ้ว
ความละเอียด,1560 x 720 pixels
ฟีเจอร์เพิ่มเติม,มาพร้อมระบบจำใบหน้า
ระบบปฏิบัติการ,Android 10
ชิปประมวลผล,Qualcomm Snapdragon 450 450 1.8 GHz
ชิปกราฟิก,Adreno 506
หน่วยความจำ,3 GB
ความจุ,32 GB
Memory Card,microSD (512)
กล้องหลัก,"ตัวที่ 1: 13 MP
ตัวที่ 2: 5 MP
ตัวที่ 3: 2 MP"
ความละเอียดวีดีโอ,1080p@30fps
กล้องหน้า,ตัวที่ 1: 8 MP
Bluetooth,"4.2, A2DP, LE"
Wi-Fi,802.11 b/g/n
USB,Type-C
GPS,A-GPS
NFC,ไม่รองรับ
ความจุ,"4,000 mAh"
ประเภท,Non-removable Li-Po Batt
วันเปิดตัว,มกราคม 2561
วันวางจำหน่าย,"เมษายน 2561, วางจำหน่ายแล้ว"
ขนาด,143.80 x 72.30 x 8.40 มม.
น้ำหนัก,153 กรัม
วัสดุ,Plastic
SIM,"รองรับ 2 ซิมการ์ด (micro sim, micro sim)"
Technology,"EDGE, HSPA,LTE"
2G,850/900/1800/1900
3G,850/900/2100
4G,Support
5G,-
ความเร็ว,"EDGE, HSPA,LTE"
ประเภท,Super AMOLED
ขนาดหน้าจอ,5.00 นิ้ว
ความละเอียด,960 x 540 pixels
ฟีเจอร์เพิ่มเติม,"สามารถแชร์อินเตอร์เน็ตให้อุปกรณ์อื่นได้
ใช้เป็น Diskdrive ได้เพื่อโอนหรือย้ายข้อมูลบน PC ได้"
ระบบปฏิบัติการ,Android 7.1
ชิปประมวลผล,Spreadtrum SC8830 1.4 GHz
ชิปกราฟิก,Mali-400MP2
หน่วยความจำ,1.5 GB
ความจุ,16 GB
Memory Card,microSD (256)
กล้องหลัก,ตัวที่ 1: 8 MP
ความละเอียดวีดีโอ,1080p (30fps)
กล้องหน้า,ตัวที่ 1: 5 MP
Bluetooth,4.1
Wi-Fi,802.11 b/g/n
USB,micro USB
GPS,"GPS,A-GPS, GLONASS"
NFC,ไม่รองรับ
ความจุ,"2,600 mAh"
ประเภท,Li-ion
วันเปิดตัว,กันยายน 2564
วันวางจำหน่าย,ยังไม่วางจำหน่าย
ขนาด,164.00 x 75.80 x 8.90 มม.
น้ำหนัก,205 กรัม
วัสดุ,"Glass front, plastic back, plastic frame"
SIM,"รองรับ 2 ซิมการ์ด (nano sim, nano sim)"
Technology,"HSPA 42.2/5.76 Mbps, LTE Cat4 150/50 Mbps"
2G,850/900/1800/1900
3G,850/900/1900/2100
4G,850/900/1900/2100/2600
5G,-
ความเร็ว,"HSPA 42.2/5.76 Mbps, LTE Cat4 150/50 Mbps"
ประเภท,PLS IPS
ขนาดหน้าจอ,6.50 นิ้ว
ความละเอียด,720 x 1600 pixels
ระบบปฏิบัติการ,Android 11
ชิปประมวลผล,Samsung Exynos 850 S5E3830 2 GHz
ชิปกราฟิก,Mali-G52 MP1
หน่วยความจำ,4 GB
ความจุ,128 GB
Memory Card,microSD (1)
กล้องหลัก,"ตัวที่ 1: 48 MP, f/2.0, 26mm (wide), AF
ตัวที่ 2: 5 MP, f/2.2, 123? (ultrawide)
ตัวที่ 3: 2 MP, f/2.4, (macro)
ตัวที่ 4: 2 MP, f/2.4, (depth)"
ความละเอียดวีดีโอ,1080p@30fps
กล้องหน้า,"ตัวที่ 1: 8 MP, f/2.2"
Bluetooth,"5.0, A2DP, LE"
Wi-Fi,"802.11 b/g/n, Wi-Fi Direc"
USB,Type-C
GPS,"with A-GPS, GLONASS, GALI"
NFC,รอบรับ
ความจุ,"5,000 mAh"
ประเภท,Non-removable Li-Po Batt
Fast Charging,รองรับ (15W)
วันเปิดตัว,มีนาคม 2563
วันวางจำหน่าย,"มิถุนายน 2563, วางจำหน่ายแล้ว"
ขนาด,159.30 x 73.10 x 8.60 มม.
น้ำหนัก,185 กรัม
วัสดุ,Plastic
SIM,"รองรับ 2 ซิมการ์ด (nano sim, nano sim)"
Technology,"EDGE, HSPA+, LTE Cat.9"
2G,850/900/1800/1900
3G,850/900/1900/2100
4G,850/900/1900/2100/2600
5G,-
ความเร็ว,"EDGE, HSPA+, LTE Cat.9"
ประเภท,TFT LCD
ขนาดหน้าจอ,6.50 นิ้ว
ความละเอียด,1600 x 720 pixels
ฟีเจอร์เพิ่มเติม,"สามารถถ่าย Macro เก็บรายละเอียดภาพระยะใกล้ได้อย่างชัดเจน
มาพร้อม Samsung Knox ที่ติดตั้งมาในซอฟท์แวร์และฮาร์ดแวร์ในโทรศัพท์ ช่วยปกป้องโทรศัพท์ของคุณตั้งแต่นาทีแรกที่คุณเปิดเครื่อง"
ระบบปฏิบัติการ,Android 10
ชิปประมวลผล,Samsung Exynos 850 S5E3830 2 GHz
ชิปกราฟิก,Mali-G52 MP1
หน่วยความจำ,3 GB
ความจุ,32 GB
Memory Card,microSD (512)
กล้องหลัก,"ตัวที่ 1: 48 MP
ตัวที่ 2: 8 MP
ตัวที่ 3: 2 MP
ตัวที่ 4: 2 MP"
ความละเอียดวีดีโอ,1080p@30fps
กล้องหน้า,ตัวที่ 1: 13 MP
Bluetooth,5.0
Wi-Fi,802.11 a/b/g/n/ac
USB,Type-C 1.0 reversible connector
GPS,"A-GPS, GLONASS, GALILEO,"
NFC,รอบรับ
ความจุ,"5,000 mAh"
ประเภท,Non-removable Li-Po Batt
Fast Charging,รองรับ (15W)
วันเปิดตัว,พฤษภาคม 2559
วันวางจำหน่าย,"มิถุนายน 2559, วางจำหน่ายแล้ว"
ขนาด,145.80 x 72.30 x 8.10 มม.
น้ำหนัก,159 กรัม
วัสดุ,Plastic
SIM,"รองรับ 2 ซิมการ์ด (micro sim, micro sim)"
Technology,"EDGE, HSPA,LTE"
2G,850/900/1800/1900
3G,850/900/1900/2100
4G,Support
5G,-
ความเร็ว,"EDGE, HSPA,LTE"
ประเภท,Super AMOLED
ขนาดหน้าจอ,5.20 นิ้ว
ความละเอียด,1280 x 720 pixels
ฟีเจอร์เพิ่มเติม,"สามารถแชร์อินเตอร์เน็ตให้อุปกรณ์อื่นได้
ใช้เป็น Diskdrive ได้เพื่อโอนหรือย้ายข้อมูลบน PC ได้
รองรับ ANT+
Samsung Galaxy J5 Version 2 รุ่นปี 2016"
ระบบปฏิบัติการ,Android 6.0
ชิปประมวลผล,Qualcomm Snapdragon 410 MSM8916 1.2 GHz
ชิปกราฟิก,Adreno 306
หน่วยความจำ,2 GB
ความจุ,16 GB
Memory Card,microSD (128)
กล้องหลัก,ตัวที่ 1: 13 MP
ความละเอียดวีดีโอ,1080p (30fps)
กล้องหน้า,ตัวที่ 1: 5 MP
Bluetooth,4.1
Wi-Fi,802.11 b/g/n
USB,micro USB
GPS,"GPS, Glonass, Beidou"
NFC,รอบรับ
ความจุ,"3,100 mAh"
ประเภท,Li-ion
วันเปิดตัว,กรกฏาคม 2561
วันวางจำหน่าย,"กรกฏาคม 2561, วางจำหน่ายแล้ว"
ขนาด,151.70 x 77.20 x 8.10 มม.
น้ำหนัก,175 กรัม
วัสดุ,Plastic
SIM,"รองรับ 2 ซิมการ์ด (micro sim, micro sim)"
Technology,"EDGE, HSPA,LTE"
2G,-
3G,850/900/1900/2100
4G,Support
5G,-
ความเร็ว,"EDGE, HSPA,LTE"
ประเภท,Super AMOLED
ขนาดหน้าจอ,5.50 นิ้ว
ความละเอียด,1280 x 720 pixels
ฟีเจอร์เพิ่มเติม,"สามารถแชร์อินเตอร์เน็ตให้อุปกรณ์อื่นได้
ใช้เป็น Diskdrive ได้เพื่อโอนหรือย้ายข้อมูลบน PC ได้
รองรับ multi-window , แชทได้ 2 แอคเคาท์(Dual Message)"
ระบบปฏิบัติการ,Android 8.0
ชิปประมวลผล,Samsung Exynos 7 7570 1.4 GHz
ชิปกราฟิก,Mali-T830MP2
หน่วยความจำ,2 GB
ความจุ,16 GB
Memory Card,microSD (128)
กล้องหลัก,ตัวที่ 1: 13 MP
ความละเอียดวีดีโอ,1080p (30fps)
กล้องหน้า,ตัวที่ 1: 5 MP
Bluetooth,"4.2, A2DP, LE"
Wi-Fi,802.11 b/g/n
USB,micro USB
GPS,"GPS, Glonass, Beidou"
NFC,รอบรับ
ความจุ,"3,000 mAh"
ประเภท,Li-ion
วันเปิดตัว,มิถุนายน 2557
วันวางจำหน่าย,"กรกฏาคม 2557, สินค้าจำหน่ายหมดแล้ว"
ขนาด,130.30 x 68.00 x 9.80 มม.
น้ำหนัก,138 กรัม
วัสดุ,Plastic
SIM,"รองรับ 2 ซิมการ์ด (n/a, n/a)"
Technology,"GPRS,EDGE, UMTS"
2G,850/900/1800/1900
3G,900/2100
4G,-
5G,-
ความเร็ว,"GPRS,EDGE, UMTS"
ประเภท,TFT LCD
ขนาดหน้าจอ,4.50 นิ้ว
ความละเอียด,800 x 480 pixels
ฟีเจอร์เพิ่มเติม,"สามารถแชร์อินเตอร์เน็ตให้อุปกรณ์อื่นได้
ใช้เป็น Diskdrive ได้เพื่อโอนหรือย้ายข้อมูลบน PC ได้
มาพร้อม TouchWiz UI และ Android 4.4"
ระบบปฏิบัติการ,Android 4.4
ชิปประมวลผล,Spreadtrum SC8830 1.2 GHz
ชิปกราฟิก,Mali-400MP2
หน่วยความจำ,768 MB
ความจุ,4 GB
Memory Card,microSD (64)
กล้องหลัก,ตัวที่ 1: 5 MP
ความละเอียดวีดีโอ,480P
กล้องหน้า,ตัวที่ 1: MP
Bluetooth,4.0
Wi-Fi,802.11b/g/n
USB,micro USB
GPS,"A-GPS ,GLONASS"
NFC,ไม่รองรับ
ความจุ,"2,000 mAh"
ประเภท,Li-ion
วันเปิดตัว,มิถุนายน 2555
วันวางจำหน่าย,"มิถุนายน 2555, สินค้าจำหน่ายหมดแล้ว"
ขนาด,114.50 x 62.50 x 11.20 มม.
น้ำหนัก,115 กรัม
วัสดุ,Plastic
SIM,รองรับ 1 ซิมการ์ด
Technology,"EDGE, HSPA"
2G,850/900/1800/1900
3G,900/2100
4G,-
5G,-
ความเร็ว,"EDGE, HSPA"
ประเภท,TFT LCD
ขนาดหน้าจอ,3.65 นิ้ว
ความละเอียด,480 x 320 pixels
ฟีเจอร์เพิ่มเติม,"สามารถแชร์อินเตอร์เน็ตให้อุปกรณ์อื่นได้
ใช้เป็น Diskdrive ได้เพื่อโอนหรือย้ายข้อมูลบน PC ได้
ใช้อินเตอร์เฟซ TouchWiz 4.0 มาพร้อมกับ Android 2.3 
ใช้กระจกแบบ Gorilla Glass ป้องกันรอยขีดข่วน"
ระบบปฏิบัติการ,Android 2.30
ชิปประมวลผล,Qualcomm Snapdragon S1 MSM7227A 800 MHz
ชิปกราฟิก,Adreno 200
หน่วยความจำ,512 MB
ความจุ,3 GB
Memory Card,microSD (32)
กล้องหลัก,ตัวที่ 1: 5 MP
ความละเอียดวีดีโอ,VGA (30 fps)
กล้องหน้า,
Bluetooth,3
Wi-Fi,802.11b/g/n
USB,micro USB
GPS,"GPS, AGPS"
NFC,ไม่รองรับ
ความจุ,"1,300 mAh"
ประเภท,Li-ion
วันเปิดตัว,เมษายน 2562
วันวางจำหน่าย,"เมษายน 2562, วางจำหน่ายแล้ว"
ขนาด,157.40 x 74.70 x 7.80 มม.
น้ำหนัก,169 กรัม
วัสดุ,"Front glass, plastic body"
SIM,"รองรับ 2 ซิมการ์ด (nano sim, nano sim)"
Technology,"EDGE,, HSPA+, LTE Cat.9"
2G,850/900/1800/1900
3G,850/900/1900/2100
4G,850/900/1900/2100
5G,-
ความเร็ว,"EDGE,, HSPA+, LTE Cat.9"
ประเภท,
ขนาดหน้าจอ,6.40 นิ้ว
ความละเอียด,1520 x 720 pixels
ฟีเจอร์เพิ่มเติม,รองรับ ANT+
ระบบปฏิบัติการ,Android 9
ชิปประมวลผล,Samsung Exynos 7 7884 1.6 GHz
ชิปกราฟิก,Mali-G71
หน่วยความจำ,3 GB
ความจุ,32 GB
Memory Card,microSD (512)
กล้องหลัก,"ตัวที่ 1: 13 MP
ตัวที่ 2: 5 MP"
ความละเอียดวีดีโอ,1080p
กล้องหน้า,ตัวที่ 1: 8 MP
Bluetooth,"5.0, A2DP, LE"
Wi-Fi,802.11 b/g/n
USB,Type-C
GPS,"GPS,A-GPS, GLONASS, BDS"
NFC,ไม่รองรับ
ความจุ,"4,000 mAh"
ประเภท,Li - Polymer
Fast Charging,รองรับ (Fast battery charging 15W)
วันเปิดตัว,สิงหาคม 2555
วันวางจำหน่าย,ยังไม่วางจำหน่าย
ขนาด,118.90 x 59.30 x 11.70 มม.
น้ำหนัก,112 กรัม
วัสดุ,Plastic
SIM,รองรับ 1 ซิมการ์ด
Technology,HSDPA
2G,850/900/1800/1900
3G,900/2100
4G,-
5G,-
ความเร็ว,HSDPA
ประเภท,TFT LCD
ขนาดหน้าจอ,3.00 นิ้ว
ความละเอียด,320 x 240 pixels
ฟีเจอร์เพิ่มเติม,"สามารถแชร์อินเตอร์เน็ตให้อุปกรณ์อื่นได้
ใช้เป็น Diskdrive ได้เพื่อโอนหรือย้ายข้อมูลบน PC ได้
ใช้อินเตอร์เฟซ TouchWiz UI มาพร้อม Android 4.0
มาพร้อม QWERTY"
ระบบปฏิบัติการ,Android 4.00
ชิปประมวลผล,Single Core 0 MHz
ชิปกราฟิก,-1
หน่วยความจำ,-1 MB
ความจุ,4 GB
Memory Card,microSD (32)
กล้องหลัก,ตัวที่ 1: 2 MP
ความละเอียดวีดีโอ,VGA
กล้องหน้า,
Bluetooth,3.0
Wi-Fi,802.11b/g/n
USB,micro USB
GPS,"GPS, AGPS"
NFC,ไม่รองรับ
ความจุ,"1,200 mAh"
ประเภท,Li-ion
วันเปิดตัว,มกราคม 2554
วันวางจำหน่าย,สินค้าจำหน่ายหมดแล้ว
ขนาด,110.50 x 57.50 x 12.10 มม.
น้ำหนัก,102 กรัม
วัสดุ,Plastic
SIM,รองรับ 1 ซิมการ์ด
Technology,"EDGE, HSPA"
2G,850/900/1800/1900
3G,900/2100
4G,-
5G,-
ความเร็ว,"EDGE, HSPA"
ประเภท,LCD
ขนาดหน้าจอ,3.20 นิ้ว
ความละเอียด,480 x 320 pixels
ฟีเจอร์เพิ่มเติม,"สามารถให้ PC ใช้อินเตอร์เน็ตของสมาร์ทโฟนได้ด้วย Internet Tethering
สามารถใช้งาน Mobile Hotspot โดยแชร์อินเตอร์เน็ตบนสมาร์ทโฟนให้กับเครื่องอื่นๆแบบไร้สายได้
สามารถใช้งานเป็น USB Mass Storage ได้เพื่อโอนหรือย้ายข้อมูลบน PC
ใช้อินเตอร์เฟซ TouchWiz 3.0 มาพร้อมกับ Android 2.2"
ระบบปฏิบัติการ,Android 2.30
ชิปประมวลผล,Qualcomm MSM7227 800 MHz
ชิปกราฟิก,Adreno 200
หน่วยความจำ,384 MB
ความจุ,512 MB
Memory Card,microSD (32)
กล้องหลัก,ตัวที่ 1: 3 MP
ความละเอียดวีดีโอ,240p (15 fps)
กล้องหน้า,
Bluetooth,2.1
Wi-Fi,802.11b/g/n
USB,micro USB
GPS,"GPS, AGPS"
NFC,ไม่รองรับ
ความจุ,"1,350 mAh"
ประเภท,Li-ion
วันเปิดตัว,พฤษภาคม 2564
วันวางจำหน่าย,ยังไม่วางจำหน่าย
ขนาด,212.50 x 124.70 x 8.00 มม.
น้ำหนัก,366 กรัม
วัสดุ,"Glass front, aluminum back, aluminum frame, plastic ends"
SIM,รองรับ 1 ซิมการ์ด (nano sim)
Technology,"HSPA 42.2/5.76 Mbps, LTE-A (2CA) Cat13 400/50 Mbps"
2G,850/900/1800/1900
3G,850/900/1900/2100
4G,850/900/1900/2100/2600
5G,-
ความเร็ว,"HSPA 42.2/5.76 Mbps, LTE-A (2CA) Cat13 400/50 Mbps"
ประเภท,TFT
ขนาดหน้าจอ,8.70 นิ้ว
ความละเอียด,800 x 1340 pixels
ระบบปฏิบัติการ,Android 11
ชิปประมวลผล,MediaTek Helio P22T MT6762 2.3 GHz
ชิปกราฟิก,PowerVR GE8320
หน่วยความจำ,4 GB
ความจุ,64 GB
Memory Card,ไม่รองรับ
กล้องหลัก,"ตัวที่ 1: 8 MP, AF"
ความละเอียดวีดีโอ,1080p@30fps
กล้องหน้า,ตัวที่ 1: 2 MP
Bluetooth,"5.0, A2DP, LE"
Wi-Fi,"802.11 a/b/g/n/ac, dual-b"
USB,Type-C
GPS,"with A-GPS, GLONASS, BDS,"
NFC,ไม่รองรับ
ความจุ,"5,100 mAh"
ประเภท,Non-removable Li-Po Batt
Fast Charging,รองรับ (15W)
วันเปิดตัว,สิงหาคม 2561
วันวางจำหน่าย,ยังไม่วางจำหน่าย
ขนาด,260.00 x 161.10 x 8.00 มม.
น้ำหนัก,529 กรัม
วัสดุ,Plastic
SIM,รองรับ 1 ซิมการ์ด (n/a)
Technology,N/A
2G,-
3G,-
4G,-
5G,-
ความเร็ว,N/A
ประเภท,TFT LCD
ขนาดหน้าจอ,10.50 นิ้ว
ความละเอียด,1920 x 1200 pixels
ฟีเจอร์เพิ่มเติม,"สามารถแชร์อินเตอร์เน็ตให้อุปกรณ์อื่นได้
ใช้เป็น Diskdrive ได้เพื่อโอนหรือย้ายข้อมูลบน PC ได้
มาพร้อม Ultra-Power Saving Mode"
ระบบปฏิบัติการ,Android 8
ชิปประมวลผล,Qualcomm Snapdragon 450 450 1.8 GHz
ชิปกราฟิก,Adreno 506
หน่วยความจำ,3 GB
ความจุ,32 GB
Memory Card,microSD (400)
กล้องหลัก,ตัวที่ 1: 8 MP
ความละเอียดวีดีโอ,1080p (30 fps)
กล้องหน้า,ตัวที่ 1: 5 MP
Bluetooth,4.2
Wi-Fi,802.11 a/b/g/n/ac
USB,Type-C 1.0 reversible connector
GPS,"GPS, GLONASS ,BeiDou"
NFC,ไม่รองรับ
ความจุ,"7,300 mAh"
ประเภท,Li - Polymer
วันเปิดตัว,สิงหาคม 2557
วันวางจำหน่าย,"กันยายน 2557, สินค้าจำหน่ายหมดแล้ว"
ขนาด,132.40 x 65.50 x 6.70 มม.
น้ำหนัก,115 กรัม
วัสดุ,Metel
SIM,รองรับ 1 ซิมการ์ด (nano sim)
Technology,"EDGE, HSPA, HSPA+,LTE Cat.6"
2G,850/900/1800/1900
3G,850/900/1900/2100
4G,Support
5G,-
ความเร็ว,"EDGE, HSPA, HSPA+,LTE Cat.6"
ประเภท,Super AMOLED HD
ขนาดหน้าจอ,4.70 นิ้ว
ความละเอียด,1280 x 720 pixels
ฟีเจอร์เพิ่มเติม,"สามารถแชร์อินเตอร์เน็ตให้อุปกรณ์อื่นได้
ใช้เป็น Diskdrive ได้เพื่อโอนหรือย้ายข้อมูลบน PC ได้
มาพร้อมอินเตอร์เฟซ TouchWiz UX และ Android 4.4
มีระบบป้องกันเสียงรบกวนจากภายนอกเวลาสนทนา
รองรับการเปิดใช้งานหลายโปรแกรมในเวลาเดียวกัน
มาพร้อม Ultra Power Saving Mode ,Download Booster,Quick Connect,Private Mode
มาพร้อม Finger Print Scanner
รองรับการเชื่อมต่อกับ Samsung Gear Fit, Gear Live และ Gear 2"
ระบบปฏิบัติการ,Android 4.4
ชิปประมวลผล,Samsung Exynos 5430 1.8 GHz
ชิปกราฟิก,Mali-T628
หน่วยความจำ,2 GB
ความจุ,32 GB
Memory Card,ไม่รองรับ
กล้องหลัก,ตัวที่ 1: 12 MP
ความละเอียดวีดีโอ,4K @30fps
กล้องหน้า,ตัวที่ 1: 2 MP
Bluetooth,4.0 BLE / ANT+
Wi-Fi,802.11 a/b/g/n/ac
USB,micro USB
GPS,"GPS ,Glonass , AGPS"
NFC,รอบรับ
ความจุ,"1,860 mAh"
ประเภท,Li-ion
วันเปิดตัว,มีนาคม 2557
วันวางจำหน่าย,สินค้าจำหน่ายหมดแล้ว
ขนาด,133.00 x 66.00 x 9.70 มม.
น้ำหนัก,139 กรัม
วัสดุ,Plastic
SIM,รองรับ 1 ซิมการ์ด
Technology,"EDGE, HSPA"
2G,850/900/1800/1900
3G,850/900/2100
4G,-
5G,-
ความเร็ว,"EDGE, HSPA"
ประเภท,TFT LCD
ขนาดหน้าจอ,4.50 นิ้ว
ความละเอียด,960 x 540 pixels
ฟีเจอร์เพิ่มเติม,"สามารถแชร์อินเตอร์เน็ตให้อุปกรณ์อื่นได้
ใช้เป็น Diskdrive ได้เพื่อโอนหรือย้ายข้อมูลบน PC ได้
มาพร้อม TouchWiz UI และ Android 4.2"
ระบบปฏิบัติการ,Android 4.2
ชิปประมวลผล,Quad Core 0 MHz
ชิปกราฟิก,Yes
หน่วยความจำ,1 GB
ความจุ,8 GB
Memory Card,microSD (32)
กล้องหลัก,ตัวที่ 1: 5 MP
ความละเอียดวีดีโอ,-1
กล้องหน้า,ตัวที่ 1: MP
Bluetooth,4.0
Wi-Fi,802.11 a/b/g/n
USB,micro USB
GPS,"GPS, AGPS"
NFC,ไม่รองรับ
ความจุ,"2,100 mAh"
ประเภท,Li-ion
วันเปิดตัว,มิถุนายน 2556
วันวางจำหน่าย,"กรกฏาคม 2556, สินค้าจำหน่ายหมดแล้ว"
ขนาด,125.50 x 63.50 x 15.40 มม.
น้ำหนัก,208 กรัม
วัสดุ,Plastic
SIM,รองรับ 1 ซิมการ์ด
Technology,"EDGE, HSPA, HSPA+ , LTE"
2G,850/900/1800/1900
3G,850/900/1900/2100
4G,Support
5G,-
ความเร็ว,"EDGE, HSPA, HSPA+ , LTE"
ประเภท,Super AMOLED
ขนาดหน้าจอ,4.30 นิ้ว
ความละเอียด,960 x 540 pixels
ฟีเจอร์เพิ่มเติม,"สามารถแชร์อินเตอร์เน็ตให้อุปกรณ์อื่นได้
ใช้เป็น Diskdrive ได้เพื่อโอนหรือย้ายข้อมูลบน PC ได้
มาพร้อมอินเตอร์เฟซ TouchWiz UX และ Android 4.2
มีระบบป้องกันเสียงรบกวนจากภายนอกเวลาสนทนา
Adapt Display ช่วยปรับหน้าจอผู้ใช้ให้เหมาะกับการใช้งานต่างๆ สามารถปรับได้ทั้งสี ความสว่าง contrast อัตโนมัติ
กล้อง 10x optical zoom (24-240mm), optical image stabilization"
ระบบปฏิบัติการ,Android 4.2.2
ชิปประมวลผล,Samsung Exynos 4212 1.5 GHz
ชิปกราฟิก,Mali-400MP
หน่วยความจำ,1.5 GB
ความจุ,8 GB
Memory Card,microSD (64)
กล้องหลัก,ตัวที่ 1: 16 MP
ความละเอียดวีดีโอ,1080p (30 fps)
กล้องหน้า,ตัวที่ 1: 2 MP
Bluetooth,4.0
Wi-Fi,802.11 a/b/g/n
USB,micro USB
GPS,"Glonass , AGPS"
NFC,รอบรับ
ความจุ,"2,330 mAh"
ประเภท,Li-ion
วันเปิดตัว,มกราคม 2556
วันวางจำหน่าย,ยังไม่วางจำหน่าย
ขนาด,130.50 x 67.70 x 12.00 มม.
น้ำหนัก,148 กรัม
วัสดุ,N/A
SIM,รองรับ 1 ซิมการ์ด
Technology,"HSDPA,HSUPA+,EDGE"
2G,850/900/1800/1900
3G,900/2100
4G,-
5G,-
ความเร็ว,"HSDPA,HSUPA+,EDGE"
ประเภท,TFT LCD
ขนาดหน้าจอ,4.00 นิ้ว
ความละเอียด,800 x 480 pixels
ฟีเจอร์เพิ่มเติม,"สามารถแชร์อินเตอร์เน็ตให้อุปกรณ์อื่นได้
ใช้เป็น Diskdrive ได้เพื่อโอนหรือย้ายข้อมูลบน PC ได้
ใช้อินเตอร์เฟซ TouchWiz UI มาพร้อมกับ Android 4.1"
ระบบปฏิบัติการ,Android 4.1
ชิปประมวลผล,Dual Core 0 MHz
ชิปกราฟิก,-1
หน่วยความจำ,1 GB
ความจุ,4 GB
Memory Card,microSD (32)
กล้องหลัก,ตัวที่ 1: 5 MP
ความละเอียดวีดีโอ,720p
กล้องหน้า,ตัวที่ 1: 0 MP
Bluetooth,4
Wi-Fi,802.11b/g/n
USB,micro USB
GPS,"GPS, A-GPS, Glonass"
NFC,ไม่รองรับ
ความจุ,"1,700 mAh"
ประเภท,Li-ion
วันเปิดตัว,ตุลาคม 2554
วันวางจำหน่าย,"ตุลาคม 2554, สินค้าจำหน่ายหมดแล้ว"
ขนาด,256.20 x 172.90 x 8.60 มม.
น้ำหนัก,470 กรัม
วัสดุ,Plastic
SIM,รองรับ 1 ซิมการ์ด
Technology,"EDGE, HSPA, HSPA+"
2G,850/900/1800/1900
3G,850/900/1900/2100
4G,-
5G,-
ความเร็ว,"EDGE, HSPA, HSPA+"
ประเภท,LCD
ขนาดหน้าจอ,8.90 นิ้ว
ความละเอียด,1280 x 800 pixels
ฟีเจอร์เพิ่มเติม,"สามารถให้ PC ใช้อินเตอร์เน็ตของสมาร์ทโฟนได้ด้วย Internet Tethering
สามารถใช้งาน Mobile Hotspot โดยแชร์อินเตอร์เน็ตบนสมาร์ทโฟนให้กับเครื่องอื่นๆแบบไร้สายได้
สามารถใช้งานเป็น USB Mass Storage ได้เพื่อโอนหรือย้ายข้อมูลบน PC
ใช้อินเตอร์เฟซ TouchWiz UX มาพร้อมกับ Android 3.0"
ระบบปฏิบัติการ,Android 3.00
ชิปประมวลผล,NVIDIA Tegra 2 1 GHz
ชิปกราฟิก,ULP Geforce
หน่วยความจำ,1 GB
ความจุ,16 GB
Memory Card,ไม่รองรับ
กล้องหลัก,ตัวที่ 1: 3 MP
ความละเอียดวีดีโอ,720p
กล้องหน้า,ตัวที่ 1: 2 MP
Bluetooth,3
Wi-Fi,802.11b/g/n
USB,รอบรับ
GPS,"GPS, AGPS"
NFC,ไม่รองรับ
ความจุ,"6,100 mAh"
ประเภท,Li-Polymer
วันเปิดตัว,มกราคม 2565
วันวางจำหน่าย,"มกราคม 2565, วางจำหน่ายแล้ว"
ขนาด,246.80 x 161.90 x 6.90 มม.
น้ำหนัก,508 กรัม
วัสดุ,ไม่รองรับ
SIM,รองรับ 1 ซิมการ์ด (nanosim)
Technology,"HSPA 42.2/5.76 Mbps, LTE"
2G,850/900/1800/1900
3G,850/900/1900/2100
4G,850/900/1900/2100/2600
5G,-
ความเร็ว,"HSPA 42.2/5.76 Mbps, LTE"
ประเภท,TFT
ขนาดหน้าจอ,10.50 นิ้ว
ความละเอียด,1200 x 1920 pixels
ระบบปฏิบัติการ,Android 11
ชิปประมวลผล,Spreadtrum Unisoc Tiger T618 2 GHz
ชิปกราฟิก,Mali-G52 MC2
หน่วยความจำ,4 GB
ความจุ,128 GB
Memory Card,ไม่รองรับ
กล้องหลัก,"ตัวที่ 1: 8 MP, AF"
ความละเอียดวีดีโอ,1080p@30fps
กล้องหน้า,ตัวที่ 1: 5 MP
Bluetooth,"5.0, A2DP, LE"
Wi-Fi,"802.11 a/b/g/n/ac, dual-b"
USB,Type-C
GPS,"A-GPS, GLONASS, BDS, GALI"
NFC,ไม่รองรับ
ความจุ,"7,040 mAh"
ประเภท,Non-removable Li-Po Batt
Fast Charging,รองรับ (15W)
วันเปิดตัว,ธันวาคม 2560
วันวางจำหน่าย,"ธันวาคม 2560, วางจำหน่ายแล้ว"
ขนาด,149.20 x 70.60 x 8.40 มม.
น้ำหนัก,172 กรัม
วัสดุ,aluminium
SIM,รองรับ 1 ซิมการ์ด (nano sim)
Technology,"EDGE, HSPA, HSPA+, LTE"
2G,850/900/1800/1900
3G,850/900/1900/2100
4G,Support
5G,-
ความเร็ว,"EDGE, HSPA, HSPA+, LTE"
ประเภท,
ขนาดหน้าจอ,5.60 นิ้ว
ความละเอียด,2220 x 1080 pixels
ฟีเจอร์เพิ่มเติม,"สามารถแชร์อินเตอร์เน็ตให้อุปกรณ์อื่นได้
ใช้เป็น Diskdrive ได้เพื่อโอนหรือย้ายข้อมูลบน PC ได้
กล้องหน้ามาพร้อม Wide Selfie, Rear-cam Selfie, Beauty Face Features
มาพร้อมระบบ Ultra Power Saving Mode, Changeable Theme
มาพร้อม สแกนลายนิ้วมือ (Fingerprint)
Fast battery charging
ANT+ support"
ระบบปฏิบัติการ,Android 7.1
ชิปประมวลผล,Samsung Exynos 7 7885 2.2 GHz
ชิปกราฟิก,-1
หน่วยความจำ,4 GB
ความจุ,32 GB
Memory Card,microSD (256)
กล้องหลัก,ตัวที่ 1: 16 MP
ความละเอียดวีดีโอ,1080p@30fps
กล้องหน้า,
Bluetooth,5.0 LE
Wi-Fi,802.11 a/b/g/n/ac
USB,Type-C
GPS,"A-GPS, GLONASS, BDS"
NFC,รอบรับ
ความจุ,"3,000 mAh"
ประเภท,Li-ion
วันเปิดตัว,เมษายน 2557
วันวางจำหน่าย,ยังไม่วางจำหน่าย
ขนาด,210.00 x 124.00 x 7.95 มม.
น้ำหนัก,320 กรัม
วัสดุ,Plastic
SIM,
Technology,N/A
2G,-
3G,-
4G,-
5G,-
ความเร็ว,N/A
ประเภท,TFT LCD
ขนาดหน้าจอ,8.00 นิ้ว
ความละเอียด,1280 x 800 pixels
ฟีเจอร์เพิ่มเติม,"User Interface แบบ Samsung TouchWiz และ Samsung Live Panel UX 
สามารถแชร์อินเตอร์เน็ตให้อุปกรณ์อื่นได้
ใช้เป็น Diskdrive ได้เพื่อโอนหรือย้ายข้อมูลบน PC ได้
มาพร้อม ChatON, MultiWindow, Samsung Kies, Samsung Apps, Samsung Link"
ระบบปฏิบัติการ,Android 4.4
ชิปประมวลผล,QuadCore 1.2 GHz
ชิปกราฟิก,Yes
หน่วยความจำ,1.5 GB
ความจุ,16 GB
Memory Card,microSD (64)
กล้องหลัก,ตัวที่ 1: 3 MP
ความละเอียดวีดีโอ,720P
กล้องหน้า,ตัวที่ 1: 1 MP
Bluetooth,4.0
Wi-Fi,802.11 a/b/g/n
USB,micro USB
GPS,"GPS, GLONASS"
NFC,ไม่รองรับ
ความจุ,"4,450 mAh"
ประเภท,Li-ion
วันเปิดตัว,มีนาคม 2565
วันวางจำหน่าย,ยังไม่วางจำหน่าย
ขนาด,165.40 x 76.90 x 9.40 มม.
น้ำหนัก,215 กรัม
วัสดุ,"Glass front, plastic frame, plastic back"
SIM,"รองรับ 2 ซิมการ์ด (nano sim, nano sim)"
Technology,"HSPA 42.2/5.76 Mbps, LTE-A, 5G"
2G,850/900/1800/1900
3G,850/900/1900/2100
4G,850/900/1900/2100/2600
5G,2100/2600/3500/4700
ความเร็ว,"HSPA 42.2/5.76 Mbps, LTE-A, 5G"
ประเภท,TFT
ขนาดหน้าจอ,6.60 นิ้ว
ความละเอียด,1080 x 2408 pixels
ระบบปฏิบัติการ,Android 12
ชิปประมวลผล,Octa Core 0 MHz
ชิปกราฟิก,Mali-G57 MC3
หน่วยความจำ,8 GB
ความจุ,128 GB
Memory Card,microSD (1)
กล้องหลัก,"ตัวที่ 1: 50 MP, f/1.8, (wide), PDAF
ตัวที่ 2: 8 MP, f/2.2, (ultrawide), 1/4
ตัวที่ 3: 2 MP, f/2.4, (depth)
ตัวที่ 4: 2 MP, f/2.4, (macro)"
ความละเอียดวีดีโอ,1080p@30fps
กล้องหน้า,"ตัวที่ 1: 8 MP, f/2.2, (wide)"
Bluetooth,"5.0, A2DP, LE"
Wi-Fi,"802.11 a/b/g/n/ac, dual-b"
USB,Type-C
GPS,"A-GPS, GLONASS, GALILEO,"
NFC,ไม่รองรับ
ความจุ,"6,000 mAh"
ประเภท,Non-removable Li-Po Batt
Fast Charging,รองรับ ()
วันเปิดตัว,เมษายน 2562
วันวางจำหน่าย,"เมษายน 2562, วางจำหน่ายแล้ว"
ขนาด,158.50 x 74.70 x 7.70 มม.
น้ำหนัก,ไม่รองรับ
วัสดุ,"Front glass, plastic body"
SIM,"รองรับ 2 ซิมการ์ด (nano sim, nano sim)"
Technology,"EDGE,, HSPA+, LTE Cat.9"
2G,850/900/1800/1900
3G,850/900/1900/2100
4G,850/900/1900/2100
5G,-
ความเร็ว,"EDGE,, HSPA+, LTE Cat.9"
ประเภท,Super AMOLED
ขนาดหน้าจอ,6.40 นิ้ว
ความละเอียด,2340 x 1080 pixels
ฟีเจอร์เพิ่มเติม,รองรับ ANT+
ระบบปฏิบัติการ,Android 9
ชิปประมวลผล,Samsung Exynos 7 9610 2.3 GHz
ชิปกราฟิก,Mali-G72 MP3
หน่วยความจำ,6 GB
ความจุ,128 GB
Memory Card,microSD (512)
กล้องหลัก,"ตัวที่ 1: 25 MP
ตัวที่ 2: 5 MP
ตัวที่ 3: 8 MP"
ความละเอียดวีดีโอ,1080p
กล้องหน้า,ตัวที่ 1: 25 MP
Bluetooth,"5.0, A2DP, LE"
Wi-Fi,802.11 a/b/g/n/ac
USB,Type-C
GPS,"GPS, Glonass, Beidou, Gal"
NFC,ไม่รองรับ
ความจุ,"4,000 mAh"
ประเภท,Li - Polymer
Fast Charging,รองรับ (Fast battery charging 15W)
วันเปิดตัว,มกราคม 2558
วันวางจำหน่าย,"กุมภาพันธ์ 2558, วางจำหน่ายแล้ว"
ขนาด,151.30 x 77.20 x 7.30 มม.
น้ำหนัก,141 กรัม
วัสดุ,Plastic
SIM,รองรับ 1 ซิมการ์ด (n/a)
Technology,"EDGE, HSDPA, HSUPA,LTE"
2G,850/900/1800/1900
3G,850/900/2100
4G,Support
5G,-
ความเร็ว,"EDGE, HSDPA, HSUPA,LTE"
ประเภท,Super AMOLED
ขนาดหน้าจอ,5.50 นิ้ว
ความละเอียด,1280 x 720 pixels
ฟีเจอร์เพิ่มเติม,"สามารถแชร์อินเตอร์เน็ตให้อุปกรณ์อื่นได้
ใช้เป็น Diskdrive ได้เพื่อโอนหรือย้ายข้อมูลบน PC ได้"
ระบบปฏิบัติการ,Android 4.4.4
ชิปประมวลผล,Qualcomm Snapdragon 410 MSM8916 1.2 GHz
ชิปกราฟิก,Yes
หน่วยความจำ,2 GB
ความจุ,16 GB
Memory Card,microSD (64)
กล้องหลัก,ตัวที่ 1: 13 MP
ความละเอียดวีดีโอ,1080p
กล้องหน้า,ตัวที่ 1: 5 MP
Bluetooth,4.0 with A2DP
Wi-Fi,802.11 a/b/g/n
USB,micro USB
GPS,"GPS, AGPS, GLONASS"
NFC,ไม่รองรับ
ความจุ,"2,950 mAh"
ประเภท,Li-ion
วันเปิดตัว,มีนาคม 2558
วันวางจำหน่าย,"เมษายน 2558, วางจำหน่ายแล้ว"
ขนาด,143.40 x 70.50 x 6.80 มม.
น้ำหนัก,138 กรัม
วัสดุ,Plastic
SIM,รองรับ 1 ซิมการ์ด (nano sim)
Technology,"EDGE, HSPA, HSPA+,LTE Cat.6"
2G,850/900/1800/1900
3G,850/900/1900/2100
4G,Support
5G,-
ความเร็ว,"EDGE, HSPA, HSPA+,LTE Cat.6"
ประเภท,Super AMOLED HD
ขนาดหน้าจอ,5.10 นิ้ว
ความละเอียด,2560 x 1440 pixels
ฟีเจอร์เพิ่มเติม,"สามารถแชร์อินเตอร์เน็ตให้อุปกรณ์อื่นได้
ใช้เป็น Diskdrive ได้เพื่อโอนหรือย้ายข้อมูลบน PC ได้
มาพร้อมอินเตอร์เฟซ TouchWiz UX และ Android 5
มีระบบป้องกันเสียงรบกวนจากภายนอกเวลาสนทนา
รองรับการเปิดใช้งานหลายโปรแกรมในเวลาเดียวกัน
มี smart stay ป้องกันหน้าจอลดแสงเอง
Dual Camera ช่วยให้ผู้ใช้สามารถถ่ายภาพนิ่งลงไปประกอบกับการถ่ายวิดีโอได้พร้อมๆ กัน
มี smart stay ป้องกันหน้าจอลดแสงเอง
Adapt Display ช่วยปรับหน้าจอผู้ใช้ให้เหมาะกับการใช้งานต่างๆ สามารถปรับได้ทั้งสี ความสว่าง contrast อัตโนมัติ
กระจกหน้าจอ Corning Gorilla Glass 4
มาพร้อมระบบสแกนนิ้วมือ
มี IR Blaster"
ระบบปฏิบัติการ,Android 5
ชิปประมวลผล,Samsung Exynos 7420 2.1 GHz
ชิปกราฟิก,Mali-T760 MP8
หน่วยความจำ,3 GB
ความจุ,32 GB
Memory Card,ไม่รองรับ
กล้องหลัก,ตัวที่ 1: 16 MP
ความละเอียดวีดีโอ,4K
กล้องหน้า,ตัวที่ 1: 5 MP
Bluetooth,"4.1, A2DP, LE, apt-X"
Wi-Fi,802.11 a/b/g/n/ac
USB,micro USB
GPS,"GPS ,A-GPS, GLONASS, Beid"
NFC,รอบรับ
ความจุ,"2,550 mAh"
ประเภท,Li-ion
วันเปิดตัว,กันยายน 2563
วันวางจำหน่าย,"กันยายน 2563, วางจำหน่ายแล้ว"
ขนาด,159.80 x 74.50 x 8.40 มม.
น้ำหนัก,190 กรัม
วัสดุ,"Gorilla Glass 3 , aluminum,plastic"
SIM,"รองรับ 2 ซิมการ์ด (nano sim, nano sim)"
Technology,"EDGE,HSPA+,LTE"
2G,850/900/1800/1900
3G,850/900/1900/2100
4G,850/900/1900/2100/2600
5G,-
ความเร็ว,"EDGE,HSPA+,LTE"
ประเภท,Super AMOLED
ขนาดหน้าจอ,6.50 นิ้ว
ความละเอียด,2400 x 1080 pixels
ฟีเจอร์เพิ่มเติม,"สามารถแชร์อินเตอร์เน็ตให้อุปกรณ์อื่นได้
ใช้เป็น Diskdrive ได้เพื่อโอนหรือย้ายข้อมูลบน PC ได้
มาพร้อมอินเตอร์เฟซ One ui 2.5 และ Android 10
กันน้ำกันฝุ่น มาตราฐาน IP68 กันน้ำลึกไม่เกิน 1.5 เมตร นานไม่เกิน 30 นาที ในน้ำสะอาด
หน้าจอรองรับ HDR10+,120Hz
กล้องมาพร้อม Scene Optimizer,Shot suggestions,Flaw Detection,VDIS ,Digital zoom up to 12x
มาพร้อม USB Power Delivery 3.0 ,Power bank/Reverse wireless charging 4.5W"
ระบบปฏิบัติการ,Android 10
ชิปประมวลผล,Samsung Exynos 990 2.73 GHz
ชิปกราฟิก,Mali G77 MP11
หน่วยความจำ,8 GB
ความจุ,128 GB
Memory Card,microSD
กล้องหลัก,"ตัวที่ 1: 12 MP, f/1.8, 26mm (wide), 1/1.76
ตัวที่ 2: 8 MP, f/2.0, 73mm (telephoto), 1/4.5
ตัวที่ 3: 12 MP, f/2.2, 123?, 13mm (ultrawide), 1/3.0"
ความละเอียดวีดีโอ,"4K, 1080p, gyro-EIS"
กล้องหน้า,"ตัวที่ 1: 32 MP, f/2.0, 26mm (wide), 1/2.74"
Bluetooth,"5.0, A2DP, LE, aptX"
Wi-Fi,802.11 a/b/g/n/ac/ax
USB,Type-C 1.0 reversible connector
GPS,"GPS ,A-GPS, GLONASS, BDS,"
NFC,รอบรับ
ความจุ,"4,500 mAh"
ประเภท,Non-removable Li-Po Batt
Wireless Charging,รองรับ
Fast Charging,"รองรับ (charging 15W,wireless charging 15W)"
วันเปิดตัว,สิงหาคม 2561
วันวางจำหน่าย,ยังไม่วางจำหน่าย
ขนาด,249.30 x 164.30 x 7.10 มม.
น้ำหนัก,482 กรัม
วัสดุ,Polycarbonate
SIM,
Technology,ไม่รองรับ
2G,-
3G,-
4G,-
5G,-
ความเร็ว,ไม่รองรับ
ประเภท,Super AMOLED
ขนาดหน้าจอ,10.50 นิ้ว
ความละเอียด,2560 x 1600 pixels
ฟีเจอร์เพิ่มเติม,"สามารถแชร์อินเตอร์เน็ตให้อุปกรณ์อื่นได้
ใช้เป็น Diskdrive ได้เพื่อโอนหรือย้ายข้อมูลบน PC ได้
มาพร้อม Ultra-Power Saving Mode,Fast Charge Battery
SideSync สามารถทำงานร่วมกับสมาร์ทโฟนโดยให้หน้าจอสมาร์ทโฟนมาอยู่ Galaxy Tab S ได้
ลำโพงโดย AKG รองรับ Dolby Atmos"
ระบบปฏิบัติการ,Android 8
ชิปประมวลผล,Qualcomm Snapdragon 835 MSM8998 2.45 GHz
ชิปกราฟิก,Adreno 540
หน่วยความจำ,4 GB
ความจุ,64/256 GB
Memory Card,ไม่รองรับ
กล้องหลัก,ตัวที่ 1: 13 MP
ความละเอียดวีดีโอ,4K@60fps
กล้องหน้า,ตัวที่ 1: 8 MP
Bluetooth,5.0
Wi-Fi,802.11 a/b/g/n/ac
USB,"3.1, Type-C 1.0 reversible connector"
GPS,"A-GPS, GLONASS, BDS, GALI"
NFC,ไม่รองรับ
ความจุ,"7,300 mAh"
ประเภท,Li - Polymer
วันเปิดตัว,กุมภาพันธ์ 2559
วันวางจำหน่าย,"มีนาคม 2559, วางจำหน่ายแล้ว"
ขนาด,142.40 x 69.60 x 7.90 มม.
น้ำหนัก,152 กรัม
วัสดุ,Plastic
SIM,รองรับ 1 ซิมการ์ด (nano sim)
Technology,"EDGE,HSPA+,LTE Cat.9"
2G,850/900/1800/1900
3G,850/900/1900/2100
4G,Support
5G,-
ความเร็ว,"EDGE,HSPA+,LTE Cat.9"
ประเภท,AMOLED
ขนาดหน้าจอ,5.10 นิ้ว
ความละเอียด,2560 x 1440 pixels
ฟีเจอร์เพิ่มเติม,"สามารถแชร์อินเตอร์เน็ตให้อุปกรณ์อื่นได้
ใช้เป็น Diskdrive ได้เพื่อโอนหรือย้ายข้อมูลบน PC ได้
มาพร้อมอินเตอร์เฟซ TouchWiz UX และ Android 6
มีระบบป้องกันเสียงรบกวนจากภายนอกเวลาสนทนา
รองรับการเปิดใช้งานหลายโปรแกรมในเวลาเดียวกัน
มี smart stay ป้องกันหน้าจอลดแสงเอง
Dual Camera ช่วยให้ผู้ใช้สามารถถ่ายภาพนิ่งลงไปประกอบกับการถ่ายวิดีโอได้พร้อมๆ กัน
มี smart stay ป้องกันหน้าจอลดแสงเอง
Adapt Display ช่วยปรับหน้าจอผู้ใช้ให้เหมาะกับการใช้งานต่างๆ สามารถปรับได้ทั้งสี ความสว่าง contrast อัตโนมัติ
กระจกหน้าจอ Corning Gorilla Glass 5
มาพร้อมระบบสแกนนิ้วมือ
มี IR Blaster
รองรับ Quick Charge 3.0
กันน้ำกันฝุ่นมาตรฐาน IPX 68
มาพร้อม Samsung Pay"
ระบบปฏิบัติการ,Android 6
ชิปประมวลผล,Samsung Exynos 8 8890 2.3 GHz
ชิปกราฟิก,Mali-T760 MP8
หน่วยความจำ,4 GB
ความจุ,32 GB
Memory Card,microSD (200)
กล้องหลัก,ตัวที่ 1: 16 MP
ความละเอียดวีดีโอ,4K
กล้องหน้า,ตัวที่ 1: 5 MP
Bluetooth,"4.2, A2DP, LE, apt-X"
Wi-Fi,802.11 a/b/g/n/ac
USB,micro USB
GPS,"GPS ,A-GPS, GLONASS, Beid"
NFC,รอบรับ
ความจุ,"3,000 mAh"
ประเภท,Li-ion
วันเปิดตัว,สิงหาคม 2558
วันวางจำหน่าย,"สิงหาคม 2558, วางจำหน่ายแล้ว"
ขนาด,153.20 x 76.10 x 7.60 มม.
น้ำหนัก,171 กรัม
วัสดุ,Plastic
SIM,รองรับ 1 ซิมการ์ด (nano sim)
Technology,"EDGE, HSPA, HSPA+,LTE Cat.6"
2G,850/900/1800/1900
3G,850/900/1900/2100
4G,Support
5G,-
ความเร็ว,"EDGE, HSPA, HSPA+,LTE Cat.6"
ประเภท,Super AMOLED HD
ขนาดหน้าจอ,5.70 นิ้ว
ความละเอียด,2560 x 1440 pixels
ฟีเจอร์เพิ่มเติม,"สามารถแชร์อินเตอร์เน็ตให้อุปกรณ์อื่นได้
ใช้เป็น Diskdrive ได้เพื่อโอนหรือย้ายข้อมูลบน PC ได้
มาพร้อมอินเตอร์เฟซ TouchWiz UX และ Android 5
มีระบบป้องกันเสียงรบกวนจากภายนอกเวลาสนทนา
รองรับการเปิดใช้งานหลายโปรแกรมในเวลาเดียวกัน
มี smart stay ป้องกันหน้าจอลดแสงเอง
Dual Camera ช่วยให้ผู้ใช้สามารถถ่ายภาพนิ่งลงไปประกอบกับการถ่ายวิดีโอได้พร้อมๆ กัน
มี smart stay ป้องกันหน้าจอลดแสงเอง
Adapt Display ช่วยปรับหน้าจอผู้ใช้ให้เหมาะกับการใช้งานต่างๆ สามารถปรับได้ทั้งสี ความสว่าง contrast อัตโนมัติ
กระจกหน้าจอ Corning Gorilla Glass 4
มาพร้อมระบบสแกนนิ้วมือ
มี IR Blaster
S-Pen รองรับ Air Command: Action Memo, Screen Write, Image Clip, Smart Select,  S Note, Snap Note
รองรับ Wireless charging และ Fast Charging
ใช้หน่วยความจำแบบ Universal Flash Storage 2.0 (UFS 2.0) ซึ่งมีความเร็วสูงแต่กินพลังงานต่ำ"
ระบบปฏิบัติการ,Android 5.1
ชิปประมวลผล,Samsung Exynos 7420 2.1 GHz
ชิปกราฟิก,Mali-T760 MP8
หน่วยความจำ,4 GB
ความจุ,32 GB
Memory Card,ไม่รองรับ
กล้องหลัก,ตัวที่ 1: 16 MP
ความละเอียดวีดีโอ,4K
กล้องหน้า,ตัวที่ 1: 5 MP
Bluetooth,"4.2 LE, ANT+"
Wi-Fi,802.11 a/b/g/n/ac MIMO(2x
USB,Type-C
GPS,"GPS ,A-GPS, GLONASS, Beid"
NFC,รอบรับ
ความจุ,"3,000 mAh"
ประเภท,Li-ion
วันเปิดตัว,มกราคม 2557
วันวางจำหน่าย,ยังไม่วางจำหน่าย
ขนาด,295.60 x 204.00 x 8.00 มม.
น้ำหนัก,740 กรัม
วัสดุ,"Plastic, PVC"
SIM,รองรับ 1 ซิมการ์ด
Technology,"EDGE, HSPA+, LTE, Cat4"
2G,850/900/1800/1900
3G,850/900/1900/2100
4G,-
5G,-
ความเร็ว,"EDGE, HSPA+, LTE, Cat4"
ประเภท,Super LCD
ขนาดหน้าจอ,12.20 นิ้ว
ความละเอียด,2560 x 1600 pixels
ฟีเจอร์เพิ่มเติม,"User Interface แบบ TouchWiz UI 
สามารถแชร์อินเตอร์เน็ตให้อุปกรณ์อื่นได้
ใช้เป็น Diskdrive ได้เพื่อโอนหรือย้ายข้อมูลบน PC ได้"
ระบบปฏิบัติการ,Android 4.2.1
ชิปประมวลผล,Qualcomm MSM8974 2.3 GHz
ชิปกราฟิก,Adreno 330
หน่วยความจำ,3 GB
ความจุ,32/64 GB
Memory Card,microSD (64)
กล้องหลัก,ตัวที่ 1: 8 MP
ความละเอียดวีดีโอ,1080p (60 fps)
กล้องหน้า,ตัวที่ 1: 2 MP
Bluetooth,4.0 with A2DP
Wi-Fi,802.11 a/b/g/n/ac
USB,micro USB
GPS,"A-GPS , GLONASS"
NFC,ไม่รองรับ
ความจุ,"9,500 mAh"
ประเภท,Li-ion
วันเปิดตัว,มิถุนายน 2556
วันวางจำหน่าย,ยังไม่วางจำหน่าย
ขนาด,139.70 x 71.30 x 9.10 มม.
น้ำหนัก,151 กรัม
วัสดุ,Plastic
SIM,รองรับ 1 ซิมการ์ด
Technology,"EDGE, HSPA, HSPA+ , LTE"
2G,-
3G,850/900/1900/2100
4G,Support
5G,-
ความเร็ว,"EDGE, HSPA, HSPA+ , LTE"
ประเภท,TFT LCD
ขนาดหน้าจอ,5.00 นิ้ว
ความละเอียด,1920 x 1080 pixels
ฟีเจอร์เพิ่มเติม,"สามารถแชร์อินเตอร์เน็ตให้อุปกรณ์อื่นได้
ใช้เป็น Diskdrive ได้เพื่อโอนหรือย้ายข้อมูลบน PC ได้
มาพร้อมอินเตอร์เฟซ TouchWiz UX และ Android 4.2
มีระบบป้องกันเสียงรบกวนจากภายนอกเวลาสนทนา
รองรับการเปิดใช้งานหลายโปรแกรมในเวลาเดียวกัน
มี smart stay ป้องกันหน้าจอลดแสงเอง
Dual Camera ช่วยให้ผู้ใช้สามารถถ่ายภาพนิ่งลงไปประกอบกับการถ่ายวิดีโอได้พร้อมๆ กัน
มี smart stay ป้องกันหน้าจอลดแสงเอง เปลี่ยนเป็น
Adapt Display ช่วยปรับหน้าจอผู้ใช้ให้เหมาะกับการใช้งานต่างๆ สามารถปรับได้ทั้งสี ความสว่าง contrast อัตโนมัติ
ป้องกันน้ำและฝุ่นละอองในมาตรฐาน IP67
มาพร้อม Gorilla Glass 3"
ระบบปฏิบัติการ,Android 4.2.2
ชิปประมวลผล,Qualcomm Snapdragon 600 APQ8064T 1.9 GHz
ชิปกราฟิก,Adreno 320
หน่วยความจำ,2 GB
ความจุ,16 GB
Memory Card,microSD (64)
กล้องหลัก,ตัวที่ 1: 8 MP
ความละเอียดวีดีโอ,1080p (30 fps)
กล้องหน้า,ตัวที่ 1: 2 MP
Bluetooth,4.0
Wi-Fi,802.11 a/b/g/n/ac
USB,micro USB
GPS,"Glonass , AGPS"
NFC,ไม่รองรับ
ความจุ,"2,600 mAh"
ประเภท,Li-ion
วันเปิดตัว,กันยายน 2563
วันวางจำหน่าย,"ตุลาคม 2563, วางจำหน่ายแล้ว"
ขนาด,127.80 x 213.80 x 9.90 มม.
น้ำหนัก,426 กรัม
วัสดุ,ไม่รองรับ
SIM,รองรับ 1 ซิมการ์ด (n/a)
Technology,N/A
2G,850/900/1800/1900
3G,850/900/1900/2100
4G,850/900/1900/2100/2600
5G,-
ความเร็ว,N/A
ประเภท,PLS TFT
ขนาดหน้าจอ,8.00 นิ้ว
ความละเอียด,1200 x 1920 pixels
ระบบปฏิบัติการ,Android 10
ชิปประมวลผล,Samsung Exynos 9810 2.9 GHz
ชิปกราฟิก,Mali-G72 MP18
หน่วยความจำ,4 GB
ความจุ,64 GB
Memory Card,microSD (1)
กล้องหลัก,"ตัวที่ 1: 13 MP, AF"
ความละเอียดวีดีโอ,1080p@30fps
กล้องหน้า,ตัวที่ 1: 5 MP
Bluetooth,"5.0, A2DP, LE"
Wi-Fi,"802.11 a/b/g/n/ac/6, dual"
USB,"USB 3.1 Gen 1, Type-C"
GPS,"A-GPS, GLONASS, GALILEO,"
NFC,ไม่รองรับ
ความจุ,"5,050 mAh"
ประเภท,Li-ion
วันเปิดตัว,มิถุนายน 2560
วันวางจำหน่าย,"มิถุนายน 2560, วางจำหน่ายแล้ว"
ขนาด,237.30 x 169.00 x 6.00 มม.
น้ำหนัก,434 กรัม
วัสดุ,Polycarbonate
SIM,
Technology,N/A
2G,-
3G,850/900/1900/2100
4G,-
5G,-
ความเร็ว,N/A
ประเภท,Super AMOLED
ขนาดหน้าจอ,9.70 นิ้ว
ความละเอียด,2048 x 1536 pixels
ฟีเจอร์เพิ่มเติม,"สามารถแชร์อินเตอร์เน็ตให้อุปกรณ์อื่นได้
ใช้เป็น Diskdrive ได้เพื่อโอนหรือย้ายข้อมูลบน PC ได้
มาพร้อม Ultra-Power Saving Mode,Fast Charge Battery
SideSync สามารถทำงานร่วมกับสมาร์ทโฟนโดยให้หน้าจอสมาร์ทโฟนมาอยู่ Galaxy Tab S ได้
ลำโพงโดย AKG/HARMAN"
ระบบปฏิบัติการ,Android 7
ชิปประมวลผล,Qualcomm Snapdragon 820 MSM8996 2.15 GHz
ชิปกราฟิก,Mali-T628
หน่วยความจำ,4 GB
ความจุ,32 GB
Memory Card,microSD (256)
กล้องหลัก,ตัวที่ 1: 13 MP
ความละเอียดวีดีโอ,1440 @30 fps
กล้องหน้า,ตัวที่ 1: 5 MP
Bluetooth,4.2 BLE
Wi-Fi,802.11 a/b/g/n/ac
USB,"3.1, Type-C 1.0 reversible connector"
GPS,"A-GPS, GLONASS, BDS, GALI"
NFC,ไม่รองรับ
ความจุ,"6,000 mAh"
ประเภท,Li - Polymer
วันเปิดตัว,มีนาคม 2558
วันวางจำหน่าย,"เมษายน 2558, วางจำหน่ายแล้ว"
ขนาด,142.10 x 70.10 x 7.00 มม.
น้ำหนัก,132 กรัม
วัสดุ,Plastic
SIM,รองรับ 1 ซิมการ์ด (nano sim)
Technology,"EDGE, HSPA, HSPA+,LTE Cat.6"
2G,850/900/1800/1900
3G,850/900/1900/2100
4G,Support
5G,-
ความเร็ว,"EDGE, HSPA, HSPA+,LTE Cat.6"
ประเภท,Super AMOLED HD
ขนาดหน้าจอ,5.10 นิ้ว
ความละเอียด,2560 x 1440 pixels
ฟีเจอร์เพิ่มเติม,"สามารถแชร์อินเตอร์เน็ตให้อุปกรณ์อื่นได้
ใช้เป็น Diskdrive ได้เพื่อโอนหรือย้ายข้อมูลบน PC ได้
มาพร้อมอินเตอร์เฟซ TouchWiz UX และ Android 5
มีระบบป้องกันเสียงรบกวนจากภายนอกเวลาสนทนา
รองรับการเปิดใช้งานหลายโปรแกรมในเวลาเดียวกัน
มี smart stay ป้องกันหน้าจอลดแสงเอง
Dual Camera ช่วยให้ผู้ใช้สามารถถ่ายภาพนิ่งลงไปประกอบกับการถ่ายวิดีโอได้พร้อมๆ กัน
มี smart stay ป้องกันหน้าจอลดแสงเอง
Adapt Display ช่วยปรับหน้าจอผู้ใช้ให้เหมาะกับการใช้งานต่างๆ สามารถปรับได้ทั้งสี ความสว่าง contrast อัตโนมัติ
กระจกหน้าจอ Corning Gorilla Glass 4
มาพร้อมระบบสแกนนิ้วมือ
มี IR Blaster
มาพร้อม Wireless charging (Qi/PMA)"
ระบบปฏิบัติการ,Android 5.0.2
ชิปประมวลผล,Samsung Exynos 7420 2.1 GHz
ชิปกราฟิก,Mali-T760 MP8
หน่วยความจำ,3 GB
ความจุ,32/64 GB
Memory Card,ไม่รองรับ
กล้องหลัก,ตัวที่ 1: 16 MP
ความละเอียดวีดีโอ,4K
กล้องหน้า,ตัวที่ 1: 5 MP
Bluetooth,"4.1, A2DP, LE, apt-X"
Wi-Fi,802.11 a/b/g/n/ac
USB,micro USB
GPS,"GPS ,A-GPS, GLONASS, Beid"
NFC,รอบรับ
ความจุ,"2,600 mAh"
ประเภท,Li-ion
วันเปิดตัว,กันยายน 2557
วันวางจำหน่าย,"ตุลาคม 2557, สินค้าจำหน่ายหมดแล้ว"
ขนาด,153.50 x 78.60 x 8.50 มม.
น้ำหนัก,176 กรัม
วัสดุ,"Plastic,PVC"
SIM,รองรับ 1 ซิมการ์ด (micro sim)
Technology,"EDGE, HSPA, HSPA+, LTE"
2G,850/900/1800/1900
3G,850/900/1900/2100
4G,Support
5G,-
ความเร็ว,"EDGE, HSPA, HSPA+, LTE"
ประเภท,Super AMOLED
ขนาดหน้าจอ,5.70 นิ้ว
ความละเอียด,2560 x 1440 pixels
ฟีเจอร์เพิ่มเติม,"สามารถแชร์อินเตอร์เน็ตให้อุปกรณ์อื่นได้
ใช้เป็น Diskdrive ได้เพื่อโอนหรือย้ายข้อมูลบน PC ได้
ใช้อินเตอร์เฟซ TouchWIZ UX มาพร้อมกับ Android 4.4
S-Pen รองรับ Air Command: Action Memo, Screen Write, Image Clip, Smart Select,  S Note, Snap Note
กล้องสามารถใช้บันทึกภาพแบบ Slow,Smooth motion
กล้องหลังมาพร้อม Smart OIS, L HDR (Rich tone), Selective Focus, Rear-cam Selfie, Beauty face, Virtual Tour Shot, Shot&More, Dual Camera
กล้องหน้ามาพร้อม Selfie, Wide Selfie
มาพร้อมระบบ Ultra Power Saving Mode,Multi Window,Download Booster,S Health 3.5 ,Fast Charging
มาพร้อม IR Remote"
ระบบปฏิบัติการ,Android 5.0
ชิปประมวลผล,Samsung Exynos 5433 1.9 GHz
ชิปกราฟิก,-1
หน่วยความจำ,3 GB
ความจุ,32 GB
Memory Card,microSD (64)
กล้องหลัก,ตัวที่ 1: 16 MP
ความละเอียดวีดีโอ,4K
กล้องหน้า,ตัวที่ 1: 4 MP
Bluetooth,4.1
Wi-Fi,802.11 a/b/g/n/ac
USB,micro USB
GPS,"GPS , GLONASS , Beidou"
NFC,รอบรับ
ความจุ,"3,220 mAh"
ประเภท,Li-ion
วันเปิดตัว,ตุลาคม 2556
วันวางจำหน่าย,ยังไม่วางจำหน่าย
ขนาด,151.10 x 79.60 x 7.90 มม.
น้ำหนัก,154 กรัม
วัสดุ,Plastic
SIM,รองรับ 1 ซิมการ์ด
Technology,"HSPA, HSPA+, LTE, LTE-A"
2G,850/900/1800/1900
3G,2100
4G,Support
5G,-
ความเร็ว,"HSPA, HSPA+, LTE, LTE-A"
ประเภท,Super Flexible AMOLED
ขนาดหน้าจอ,5.70 นิ้ว
ความละเอียด,1920 x 1080 pixels
ฟีเจอร์เพิ่มเติม,"สามารถแชร์อินเตอร์เน็ตให้อุปกรณ์อื่นได้ 
ใช้เป็น Diskdrive ได้เพื่อโอนหรือย้ายข้อมูลบน PC ได้ 
ใช้อินเตอร์เฟซ TouchWiz UX มาพร้อมกับ Android 4.3
เป็นสมาร์ทโฟนหน้าจอโค้งเครื่องแรกที่เปิดตัวอย่างเป็นทางการ"
ระบบปฏิบัติการ,Android 4.3
ชิปประมวลผล,Qualcomm MSM8974 2.3 GHz
ชิปกราฟิก,Adreno 330
หน่วยความจำ,3 GB
ความจุ,32 GB
Memory Card,microSD (64)
กล้องหลัก,ตัวที่ 1: 13 MP
ความละเอียดวีดีโอ,2160p@30fps
กล้องหน้า,ตัวที่ 1: 2 MP
Bluetooth,"4.0 + A2DP, LE, EDR"
Wi-Fi,802.11b/g/n/ac
USB,micro USB (USB 3.0)
GPS,"GPS, A-GPS"
NFC,ไม่รองรับ
ความจุ,"2,800 mAh"
ประเภท,Li-ion
วันเปิดตัว,สิงหาคม 2563
วันวางจำหน่าย,"สิงหาคม 2563, วางจำหน่ายแล้ว"
ขนาด,164.80 x 77.20 x 8.10 มม.
น้ำหนัก,ไม่รองรับ
วัสดุ,"Gorilla Glass 7, aluminum frame"
SIM,"รองรับ 2 ซิมการ์ด (nano sim, nano sim)"
Technology,"5G,LTE,HSPA+"
2G,850/900/1800/1900
3G,850/900/1900/2100
4G,850/900/1900/2100/2600
5G,850/900/1900/2100/2600
ความเร็ว,"5G,LTE,HSPA+"
ประเภท,Dynamic AMOLED 2X Infinity-O Display
ขนาดหน้าจอ,6.90 นิ้ว
ความละเอียด,3000 x 1440 pixels
ฟีเจอร์เพิ่มเติม,"หน้าจอ refresh rate 120Hz , HDR10+
รองรับ Samsung DeX
จอกันรอย Gorilla Glass 7
กันน้ำกันฝุ่นมาตรฐาน IP68"
ระบบปฏิบัติการ,Android 10
ชิปประมวลผล,Samsung Exynos 990 2.73 GHz
ชิปกราฟิก,Mali G77 MP11
หน่วยความจำ,12 GB
ความจุ,256/512 GB
Memory Card,"3.2, Type- (256)"
กล้องหลัก,"ตัวที่ 1: 108 MP, f/1.8, 26mm (wide), 1/1.33
ตัวที่ 2: 12 MP, f/3.0, 103mm (periscope telephoto), 1.0?m, PDAF, OIS, 5x optical zoom, 50x hybrid zoom
ตัวที่ 3: 12 MP, f/2.2, 13mm (ultrawide), 1/2.55"
ความละเอียดวีดีโอ,"4K@30/60fps, 1080p@30fps"
กล้องหน้า,"ตัวที่ 1: 10 MP, f/2.2, 26mm (wide), 1/3.2"
Bluetooth,"5.0, A2DP, LE, aptX"
Wi-Fi,802.11 a/b/g/n/ac/6
USB,addnew
GPS,"GPS, Galileo, Glonass, Be"
NFC,รอบรับ
ความจุ,"4,500 mAh"
ประเภท,Li - Polymer
Wireless Charging,รองรับ
Fast Charging,"รองรับ (SuperFast Charge,Fast Qi 15W)"
วันเปิดตัว,มิถุนายน 2556
วันวางจำหน่าย,สินค้าจำหน่ายหมดแล้ว
ขนาด,327.00 x 217.80 x 13.90 มม.
น้ำหนัก,1290 กรัม
วัสดุ,Plastic
SIM,
Technology,N/A
2G,-
3G,-
4G,-
5G,-
ความเร็ว,N/A
ประเภท,LED
ขนาดหน้าจอ,13.30 นิ้ว
ความละเอียด,3200 x 1800 pixels
ฟีเจอร์เพิ่มเติม,"โอนหรือย้ายข้อมูลบน PC ผ่าน Zune
ใช้ระบบปฏิบัติการ Windows 8 Pro
ใช้กระจกแบบ Gorilla Glass ป้องกันรอยขีดข่วน
มาพร้อม S-pen และ Keyboard"
ระบบปฏิบัติการ,Microsoft Windows 8
ชิปประมวลผล,Intel Core i5 0 MHz
ชิปกราฟิก,Intel HD Graphics 4400
หน่วยความจำ,4 GB
ความจุ,128 GB
Memory Card,microSD
กล้องหลัก,ตัวที่ 1: -1 MP
ความละเอียดวีดีโอ,720p
กล้องหน้า,ตัวที่ 1: MP
Bluetooth,รอบรับ
Wi-Fi,รอบรับ
USB,"USB 3.0,USB 2.0"
GPS,N/A
NFC,รอบรับ
ความจุ,-1 mAh
ประเภท,Li-ion
วันเปิดตัว,สิงหาคม 2555
วันวางจำหน่าย,"กุมภาพันธ์ 2556, สินค้าจำหน่ายหมดแล้ว"
ขนาด,304.00 x 189.40 x 11.89 มม.
น้ำหนัก,884 กรัม
วัสดุ,Plastic
SIM,รองรับ 1 ซิมการ์ด
Technology,"HSPA, HSPA+, LTE"
2G,850/900/1800/1900
3G,850/900/1900/2100
4G,-
5G,-
ความเร็ว,"HSPA, HSPA+, LTE"
ประเภท,LED
ขนาดหน้าจอ,11.60 นิ้ว
ความละเอียด,1920 x 1080 pixels
ฟีเจอร์เพิ่มเติม,"โอนหรือย้ายข้อมูลบน PC ผ่าน Zune
ใช้ระบบปฏิบัติการ Windows 8 Pro
ใช้กระจกแบบ Gorilla Glass ป้องกันรอยขีดข่วน
มาพร้อม S-pen และ Keyboard"
ระบบปฏิบัติการ,Microsoft Windows 8
ชิปประมวลผล,Intel Core i5-3337U 1.8 GHz
ชิปกราฟิก,Intel GMA HD
หน่วยความจำ,4 GB
ความจุ,128 GB
Memory Card,microSD (32)
กล้องหลัก,ตัวที่ 1: 8 MP
ความละเอียดวีดีโอ,1080p
กล้องหน้า,ตัวที่ 1: 2 MP
Bluetooth,4.0
Wi-Fi,802.11a/b/g/n
USB,micro USB
GPS,"GPS, AGPS"
NFC,รอบรับ
ความจุ,-1 mAh
ประเภท,Li-ion
วันเปิดตัว,มกราคม 2565
วันวางจำหน่าย,ยังไม่วางจำหน่าย
ขนาด,163.30 x 77.90 x 8.90 มม.
น้ำหนัก,228 กรัม
วัสดุ,"Glass front (Gorilla Glass Victus), plastic back, aluminum frame"
SIM,"รองรับ 2 ซิมการ์ด (nano sim, nano sim)"
Technology,"HSPA 42.2/5.76 Mbps, LTE-A (CA), 5G"
2G,850/900/1800/1900
3G,850/900/1900/2100
4G,850/900/1900/2100/2600
5G,2100/2600/3500/4700
ความเร็ว,"HSPA 42.2/5.76 Mbps, LTE-A (CA), 5G"
ประเภท,Dynamic AMOLED 2X
ขนาดหน้าจอ,6.80 นิ้ว
ความละเอียด,1440 x 3080 pixels
ระบบปฏิบัติการ,Android 12
ชิปประมวลผล,Samsung Exynos 2200 2.8 GHz
ชิปกราฟิก,Xclipse 920
หน่วยความจำ,8 GB
ความจุ,256/512 GB
Memory Card,ไม่รองรับ
กล้องหลัก,"ตัวที่ 1: 108 MP, f/1.8, 24mm (wide), 1/1.33
ตัวที่ 2: 10 MP, f/4.9, 230mm (periscope telephoto), 1/3.52
ตัวที่ 3: 10 MP, f/2.4, 70mm (telephoto), 1/3.52
ตัวที่ 4: 12 MP, f/2.2, 13mm, 120? (ultrawide), 1/2.55"
ความละเอียดวีดีโอ,"8K@24fps, 4K@30/60fps, 1080p@30/60/240fps, 720p@960fps, HDR10+, stereo sound rec., gyro-EIS"
กล้องหน้า,"ตัวที่ 1: 40 MP, f/2.2, 26mm (wide), 1/2.82"
Bluetooth,"5.2, A2DP, LE"
Wi-Fi,"802.11 a/b/g/n/ac/6, dual"
USB,Type-C
GPS,"A-GPS, GLONASS, BDS, GALI"
NFC,รอบรับ
ความจุ,"5,000 mAh"
ประเภท,Non-removable Li-Po Batt
Wireless Charging,รองรับ
Fast Charging,รองรับ (45W)
วันเปิดตัว,กรกฏาคม 2563
วันวางจำหน่าย,ยังไม่วางจำหน่าย
ขนาด,167.30 x 73.60 x 7.20 มม.
น้ำหนัก,183 กรัม
วัสดุ,"Plastic front, glass back (Gorilla Glass 6), alumi"
SIM,"รองรับ 2 ซิมการ์ด (nano sim, esim)"
Technology,"5G,EDGE,HSPA+,LTE cat 20"
2G,850/900/1800/1900
3G,850/900/1900/2100
4G,850/900/1900/2100/2600
5G,-
ความเร็ว,"5G,EDGE,HSPA+,LTE cat 20"
ประเภท,Infinity Flex Display
ขนาดหน้าจอ,6.70 นิ้ว
ความละเอียด,2636 x 1080 pixels
ฟีเจอร์เพิ่มเติม,"สามารถแชร์อินเตอร์เน็ตให้อุปกรณ์อื่นได้
ใช้เป็น Diskdrive ได้เพื่อโอนหรือย้ายข้อมูลบน PC ได้
มาพร้อมอินเตอร์เฟซ One ui 2 และ Android 10
รองรับ Samsung Pay
หน้าจอรองรับ HDR10+
รองรับ ANT+
มาพร้อม USB Power Delivery 3.0 ,Power bank/Reverse wireless charging 9W"
ระบบปฏิบัติการ,Android 10
ชิปประมวลผล,Qualcomm Snapdragon 865+ SM8250-AB 3.1 GHz
ชิปกราฟิก,Adreno 650
หน่วยความจำ,8 GB
ความจุ,256 GB
Memory Card,Not Suppor
กล้องหลัก,"ตัวที่ 1: 12 MP
ตัวที่ 2: 12 MP"
ความละเอียดวีดีโอ,4k @ 60fps
กล้องหน้า,ตัวที่ 1: 10 MP
Bluetooth,"5.0, A2DP, LE"
Wi-Fi,802.11 a/b/g/n/ac/ax/6
USB,"3.1, Type-C 1.0 reversible connector"
GPS,"GPS ,A-GPS, GLONASS, BDS,"
NFC,รอบรับ
ความจุ,"3,300 mAh"
ประเภท,Non-removable Li-Po Batt
Wireless Charging,รองรับ
Fast Charging,"รองรับ (Fast battery 15W,Fast wireless charging)"
วันเปิดตัว,กุมภาพันธ์ 2563
วันวางจำหน่าย,"มีนาคม 2563, วางจำหน่ายแล้ว"
ขนาด,167.30 x 73.60 x 7.20 มม.
น้ำหนัก,183 กรัม
วัสดุ,"Gorilla Glass 6 , aluminum frame"
SIM,"รองรับ 2 ซิมการ์ด (nano sim, esim)"
Technology,"EDGE,HSPA+,LTE cat 20"
2G,850/900/1800/1900
3G,850/900/1900/2100
4G,850/900/1900/2100/2600
5G,-
ความเร็ว,"EDGE,HSPA+,LTE cat 20"
ประเภท,Foldable Dynamic AMOLED
ขนาดหน้าจอ,6.70 นิ้ว
ความละเอียด,2636 x 1080 pixels
ฟีเจอร์เพิ่มเติม,"สามารถแชร์อินเตอร์เน็ตให้อุปกรณ์อื่นได้
ใช้เป็น Diskdrive ได้เพื่อโอนหรือย้ายข้อมูลบน PC ได้
มาพร้อมอินเตอร์เฟซ One ui 2 และ Android 10
รองรับ Samsung Pay
หน้าจอรองรับ HDR10+
รองรับ ANT+
มาพร้อม USB Power Delivery 3.0 ,Power bank/Reverse wireless charging 9W"
ระบบปฏิบัติการ,Android 10
ชิปประมวลผล,Qualcomm Snapdragon 855 Plus SM8150-AC 2.42 GHz
ชิปกราฟิก,Adreno 640
หน่วยความจำ,8 GB
ความจุ,256 GB
Memory Card,Not Suppor
กล้องหลัก,"ตัวที่ 1: 12 MP
ตัวที่ 2: 12 MP"
ความละเอียดวีดีโอ,4k @ 60fps
กล้องหน้า,ตัวที่ 1: 10 MP
Bluetooth,"5.0, A2DP, LE, aptX"
Wi-Fi,802.11 a/b/g/n/ac/ax
USB,"3.1, Type-C 1.0 reversible connector"
GPS,"GPS ,A-GPS, GLONASS, BDS,"
NFC,รอบรับ
ความจุ,"3,300 mAh"
ประเภท,Non-removable Li-Po Batt
Wireless Charging,รองรับ
Fast Charging,รองรับ (Fast battery 15W)
วันเปิดตัว,กุมภาพันธ์ 2565
วันวางจำหน่าย,วางจำหน่ายแล้ว
ขนาด,326.40 x 208.60 x 5.50 มม.
น้ำหนัก,728 กรัม
วัสดุ,"Glass front, aluminum back, aluminum frame"
SIM,รองรับ 1 ซิมการ์ด (nano sim)
Technology,"HSPA 42.2/5.76 Mbps, LTE-A (CA), 5G"
2G,850/900/1800/1900
3G,850/900/1900/2100
4G,850/900/1900/2100/2600
5G,2100/2600/3500/4700
ความเร็ว,"HSPA 42.2/5.76 Mbps, LTE-A (CA), 5G"
ประเภท,Super AMOLED
ขนาดหน้าจอ,14.60 นิ้ว
ความละเอียด,1848 x 2960 pixels
ระบบปฏิบัติการ,Android 12
ชิปประมวลผล,Qualcomm Snapdragon 8 Gen1 SM8450 3 GHz
ชิปกราฟิก,Adreno 730
หน่วยความจำ,8 GB
ความจุ,128 GB
Memory Card,microSD (1)
กล้องหลัก,"ตัวที่ 1: 13 MP, f/2.0, 26mm (wide), 1/3.4
ตัวที่ 2: 6 MP, f/2.2, (ultrawide)"
ความละเอียดวีดีโอ,"4K@30/60fps, 1080p@30fps"
กล้องหน้า,"ตัวที่ 1: 12 MP, f/2.2, 26mm (wide)
ตัวที่ 2: 12 MP, f/2.4, 120? (ultrawide)"
Bluetooth,"5.2, A2DP, LE"
Wi-Fi,"802.11 a/b/g/n/ac/6e, dua"
USB,Type-C
GPS,"A-GPS, GLONASS, BDS, GALI"
NFC,ไม่รองรับ
ความจุ,"11,200 mAh"
ประเภท,Non-removable Li-Po Batt
Fast Charging,รองรับ (45W)
วันเปิดตัว,ธันวาคม 2563
วันวางจำหน่าย,"มกราคม 2564, วางจำหน่ายแล้ว"
ขนาด,165.10 x 75.60 x 8.90 มม.
น้ำหนัก,227 กรัม
วัสดุ,"Glass front (Gorilla Glass Victus), glass back (Gorilla Glass), aluminum frame"
SIM,"รองรับ 2 ซิมการ์ด (nano sim, nano sim)"
Technology,"HSPA 42.2/5.76 Mbps, LTE-A (CA), 5G"
2G,850/900/1800/1900
3G,850/900/1900/2100
4G,850/900/1900/2100/2600
5G,2100/2600/3500/4700
ความเร็ว,"HSPA 42.2/5.76 Mbps, LTE-A (CA), 5G"
ประเภท,Dynamic AMOLED 2X
ขนาดหน้าจอ,6.80 นิ้ว
ความละเอียด,1440 x 3200 pixels
ระบบปฏิบัติการ,Android 11
ชิปประมวลผล,Samsung Exynos 2100 2.9 GHz
ชิปกราฟิก,Mali-G78 MP14
หน่วยความจำ,16 GB
ความจุ,512 GB
Memory Card,ไม่รองรับ
กล้องหลัก,"ตัวที่ 1: 108 MP (2nd gen), f/1.8, 26mm (wide), 1/1.33
ตัวที่ 2: 10 MP, f/4.9, 240mm (periscope telephoto), 1/3.24
ตัวที่ 3: 10 MP, f/2.4, 70mm (telephoto), 1/3.24
ตัวที่ 4: 12 MP, f/2.2, 13mm (ultrawide), 1/2.55"
ความละเอียดวีดีโอ,"8K@24fps, 4K@30/60fps, 1080p@30/60/240fps, 720p@960fps, HDR10+, stereo sound rec., gyro-EIS"
กล้องหน้า,"ตัวที่ 1: 40 MP, f/2.2, 26mm (wide), 1/2.8"
Bluetooth,"5.2, A2DP, LE"
Wi-Fi,"802.11 a/b/g/n/ac/6e, dua"
USB,Type-C
GPS,"with A-GPS, GLONASS, BDS,"
NFC,รอบรับ
ความจุ,"5,000 mAh"
ประเภท,Non-removable Li-Po Batt
Wireless Charging,รองรับ
Fast Charging,รองรับ (25W)
วันเปิดตัว,กุมภาพันธ์ 2562
วันวางจำหน่าย,ยังไม่วางจำหน่าย
ขนาด,157.60 x 74.10 x 7.80 มม.
น้ำหนัก,175 กรัม
วัสดุ,"Gorilla Glass 6 , aluminum frame"
SIM,"รองรับ 2 ซิมการ์ด (nano sim, nano sim)"
Technology,"EDGE,HSPA+,LTE"
2G,850/900/1800/1900
3G,850/900/1900/2100
4G,Support
5G,-
ความเร็ว,"EDGE,HSPA+,LTE"
ประเภท,
ขนาดหน้าจอ,6.40 นิ้ว
ความละเอียด,3040 x 1440 pixels
ฟีเจอร์เพิ่มเติม,"สามารถแชร์อินเตอร์เน็ตให้อุปกรณ์อื่นได้
ใช้เป็น Diskdrive ได้เพื่อโอนหรือย้ายข้อมูลบน PC ได้
มาพร้อมอินเตอร์เฟซ One ui และ Android 9
มีระบบป้องกันเสียงรบกวนจากภายนอกเวลาสนทนา
กันน้ำกันฝุ่น มาตราฐาน IP68 กันน้ำลึกไม่เกิน 1.5 เมตร นานไม่เกิน 30 นาที ในน้ำสะอาด
Wireless charging
AP and RAM สลับแอปพลิเคชันได้อย่างรวดเร็ว
รองรับ Samsung DeX
รองรับ Samsung Pay
หน้าจอรองรับ HDR10"
ระบบปฏิบัติการ,Android 9
ชิปประมวลผล,Samsung Exynos 9810 2.9 GHz
ชิปกราฟิก,Mali-G72 MP18
หน่วยความจำ,12 GB
ความจุ,1024 GB
Memory Card,microSD (512)
กล้องหลัก,"ตัวที่ 1: 12 MP
ตัวที่ 2: 12 MP
ตัวที่ 3: 16 MP"
ความละเอียดวีดีโอ,4k@60fps
กล้องหน้า,"ตัวที่ 1: 10 MP
ตัวที่ 2: 8 MP"
Bluetooth,"5.0, A2DP, LE, aptX"
Wi-Fi,802.11 a/b/g/n/ac
USB,"3.1, Type-C 1.0 reversible connector"
GPS,"GPS ,A-GPS, GLONASS"
NFC,รอบรับ
ความจุ,"4,100 mAh"
ประเภท,Non-removable Li-Ion
Wireless Charging,รองรับ
Fast Charging,รองรับ (15W)
วันเปิดตัว,สิงหาคม 2564
วันวางจำหน่าย,"สิงหาคม 2564, วางจำหน่ายแล้ว"
ขนาด,158.20 x 128.10 x 6.40 มม.
น้ำหนัก,271 กรัม
วัสดุ,"Glass front (Gorilla Glass Victus) (folded), plastic front (unfolded), glass back (Gorilla Glass Victus), aluminum frame"
SIM,"รองรับ 2 ซิมการ์ด (nano sim, nano sim)"
Technology,"HSPA 42.2/5.76 Mbps, LTE-A (6CA) Cat20 2000/200 Mbps, 5G"
2G,850/900/1800/1900
3G,850/900/1900/2100
4G,850/900/1900/2100/2600
5G,2100/2600/3500/4700
ความเร็ว,"HSPA 42.2/5.76 Mbps, LTE-A (6CA) Cat20 2000/200 Mbps, 5G"
ประเภท,Foldable Dynamic AMOLED
ขนาดหน้าจอ,7.60 นิ้ว
ความละเอียด,1768 x 2208 pixels
ระบบปฏิบัติการ,Android 11
ชิปประมวลผล,Qualcomm Snapdragon 888 SM8350 2.84 GHz
ชิปกราฟิก,Adreno 660
หน่วยความจำ,12 GB
ความจุ,256/512 GB
Memory Card,ไม่รองรับ
กล้องหลัก,"ตัวที่ 1: 12 MP, f/1.8, 26mm (wide), 1/1.76
ตัวที่ 2: 12 MP, f/2.4, 52mm (telephoto), 1/3.6
ตัวที่ 3: 12 MP, f/2.2, 123?, 12mm (ultrawide), 1.12?m"
ความละเอียดวีดีโอ,"4K@30/60fps, 1080p@60/240fps, 720p@960fps, HDR10+"
กล้องหน้า,"ตัวที่ 1: 16 MP, f/1.8, 1.0?m, under display
ตัวที่ 2: 10 MP, f/2.2, 26mm (wide), 1/3"
Bluetooth,"5.2, A2DP, LE, aptX HD"
Wi-Fi,"802.11 a/b/g/n/ac/6, dual"
USB,Type-C
GPS,"with A-GPS, GLONASS, GALI"
NFC,รอบรับ
ความจุ,"4,400 mAh"
ประเภท,Non-removable Li-Po Batt
Fast Charging,รองรับ (25W)
วันเปิดตัว,สิงหาคม 2565
วันวางจำหน่าย,"สิงหาคม 2565, วางจำหน่ายแล้ว"
ขนาด,155.10 x 130.10 x 6.30 มม.
น้ำหนัก,263 กรัม
วัสดุ,"Plastic front (opened), glass back (Gorilla Glass Victus+), aluminum frame"
SIM,"รองรับ 2 ซิมการ์ด (nano sim, nano sim)"
Technology,"HSPA 42.2/5.76 Mbps, LTE-A (7CA) Cat20 2000/200 Mbps, 5G"
2G,850/900/1800/1900
3G,850/900/1900/2100
4G,850/900/1900/2100/2600
5G,2100/2600/3500/4700
ความเร็ว,"HSPA 42.2/5.76 Mbps, LTE-A (7CA) Cat20 2000/200 Mbps, 5G"
ประเภท,Foldable Dynamic AMOLED 2X
ขนาดหน้าจอ,7.60 นิ้ว
ความละเอียด,1812 x 2716 pixels
ระบบปฏิบัติการ,Android 12
ชิปประมวลผล,Qualcomm Snapdragon 8+ Gen 1 SM8475 3.19 GHz
ชิปกราฟิก,Adreno 730
หน่วยความจำ,12 GB
ความจุ,256 GB
Memory Card,ไม่รองรับ
กล้องหลัก,"ตัวที่ 1: 50 MP, f/1.8, 24mm (wide), 1.0?m, Dual Pixel PDAF, OIS
ตัวที่ 2: 10 MP, f/2.4, 67mm (telephoto), 1.0?m, PDAF, OIS, 3x optical zoom
ตัวที่ 3: 12 MP, f/2.2, 123?, 12mm (ultrawide), 1.12?m"
ความละเอียดวีดีโอ,"4K@60fps, 1080p@60/240fps (gyro-EIS), 720p@960fps (gyro-EIS), HDR10+"
กล้องหน้า,"ตัวที่ 1: 4 MP, f/1.8, 26mm (wide), 2.0?m, under display"
Bluetooth,"5.2, A2DP, LE, aptX HD"
Wi-Fi,"802.11 a/b/g/n/ac/6e, dua"
USB,Type-C
GPS,"A-GPS, GLONASS, GALILEO,"
NFC,รอบรับ
ความจุ,"4,400 mAh"
ประเภท,Non-removable Li-Po Batt
Fast Charging,รองรับ (25W)
วันเปิดตัว,กันยายน 2563
วันวางจำหน่าย,"กันยายน 2563, วางจำหน่ายแล้ว"
ขนาด,159.20 x 128.20 x 6.90 มม.
น้ำหนัก,282 กรัม
วัสดุ,"glass,plastic,aluminum"
SIM,"รองรับ 2 ซิมการ์ด (nano sim, esim)"
Technology,"5G,EDGE,HSPA+,LTE cat 20 Enhanced 4X4 MIMO"
2G,850/900/1800/1900
3G,850/900/1900/2100
4G,850/900/1900/2100/2600
5G,2100/2600/3500/4700
ความเร็ว,"5G,EDGE,HSPA+,LTE cat 20 Enhanced 4X4 MIMO"
ประเภท,Foldable Dynamic AMOLED
ขนาดหน้าจอ,7.60 นิ้ว
ความละเอียด,1768 x 2208 pixels
ฟีเจอร์เพิ่มเติม,"สามารถแชร์อินเตอร์เน็ตให้อุปกรณ์อื่นได้
ใช้เป็น Diskdrive ได้เพื่อโอนหรือย้ายข้อมูลบน PC ได้
มาพร้อมอินเตอร์เฟซ One ui 2.5 และ Android 10
รองรับ Reverse wireless charging 4.5W
หน้าจอรองรับ HDR10+ , 120Hz refresh rate
รองรับ ANT+
จอด้านหลังขนาด 6.23"" Super AMOLED ความละเอียด 816 x 2260 
รองรับ Samsung DeX"
ระบบปฏิบัติการ,Android 10
ชิปประมวลผล,Qualcomm Snapdragon 865+ SM8250-AB 3.1 GHz
ชิปกราฟิก,Adreno 650
หน่วยความจำ,12 GB
ความจุ,256 GB
Memory Card,Not Suppor
กล้องหลัก,"ตัวที่ 1: 12 MP, f/1.8, 26mm (wide), 1/1.76
ตัวที่ 2: 12 MP, f/2.4, 52mm (telephoto), 1/3.6
ตัวที่ 3: 12 MP, f/2.2, 123?, 12mm (ultrawide), 1.12?m"
ความละเอียดวีดีโอ,"4K@60fps, 1080p@60/240fps (gyro-EIS), 720p@960fps (gyro-EIS), HDR10+"
กล้องหน้า,"ตัวที่ 1: 10 MP, f/2.2, 26mm (wide), 1.22?m"
Bluetooth,"5.0, A2DP, LE, aptX HD"
Wi-Fi,802.11 a/b/g/n/ac/6 HE80
USB,"3.1, Type-C 1.0 reversible connector"
GPS,"GPS ,A-GPS, GLONASS, BDS,"
NFC,รอบรับ
ความจุ,"4,500 mAh"
ประเภท,Non-removable Li-Po Batt
Wireless Charging,รองรับ
Fast Charging,"รองรับ (Fast battery 25W,Fast wireless charging 11W)"
